page,url
1,https://sbketzgadjvzedbayesc.supabase.co/storage/v1/object/public/content-images/iipa/anatomy/p1.png
2,https://sbketzgadjvzedbayesc.supabase.co/storage/v1/object/public/content-images/iipa/anatomy/p2.png
3,https://sbketzgadjvzedbayesc.supabase.co/storage/v1/object/public/content-images/iipa/anatomy/p3.png
4,https://sbketzgadjvzedbayesc.supabase.co/storage/v1/object/public/content-images/iipa/anatomy/p4.png
5,https://sbketzgadjvzedbayesc.supabase.co/storage/v1/object/public/content-images/iipa/anatomy/p5.png
6,https://sbketzgadjvzedbayesc.supabase.co/storage/v1/object/public/content-images/iipa/anatomy/p6.png
7,https://sbketzgadjvzedbayesc.supabase.co/storage/v1/object/public/content-images/iipa/anatomy/p7.png
8,https://sbketzgadjvzedbayesc.supabase.co/storage/v1/object/public/content-images/iipa/anatomy/p8.png
9,https://sbketzgadjvzedbayesc.supabase.co/storage/v1/object/public/content-images/iipa/anatomy/p9.png
10,https://sbketzgadjvzedbayesc.supabase.co/storage/v1/object/public/content-images/iipa/anatomy/p10.png
11,https://sbketzgadjvzedbayesc.supabase.co/storage/v1/object/public/content-images/iipa/anatomy/p11.png
12,https://sbketzgadjvzedbayesc.supabase.co/storage/v1/object/public/content-images/iipa/anatomy/p12.png
13,https://sbketzgadjvzedbayesc.supabase.co/storage/v1/object/public/content-images/iipa/anatomy/p13.png
14,https://sbketzgadjvzedbayesc.supabase.co/storage/v1/object/public/content-images/iipa/anatomy/p14.png
15,https://sbketzgadjvzedbayesc.supabase.co/storage/v1/object/public/content-images/iipa/anatomy/p15.png
16,https://sbketzgadjvzedbayesc.supabase.co/storage/v1/object/public/content-images/iipa/anatomy/p16.png
17,https://sbketzgadjvzedbayesc.supabase.co/storage/v1/object/public/content-images/iipa/anatomy/p17.png
18,https://sbketzgadjvzedbayesc.supabase.co/storage/v1/object/public/content-images/iipa/anatomy/p18.png
19,https://sbketzgadjvzedbayesc.supabase.co/storage/v1/object/public/content-images/iipa/anatomy/p19.png
20,https://sbketzgadjvzedbayesc.supabase.co/storage/v1/object/public/content-images/iipa/anatomy/p20.png
21,https://sbketzgadjvzedbayesc.supabase.co/storage/v1/object/public/content-images/iipa/anatomy/p21.png
22,https://sbketzgadjvzedbayesc.supabase.co/storage/v1/object/public/content-images/iipa/anatomy/p22.png
23,https://sbketzgadjvzedbayesc.supabase.co/storage/v1/object/public/content-images/iipa/anatomy/p23.png
24,https://sbketzgadjvzedbayesc.supabase.co/storage/v1/object/public/content-images/iipa/anatomy/p24.png
25,https://sbketzgadjvzedbayesc.supabase.co/storage/v1/object/public/content-images/iipa/anatomy/p25.png
26,https://sbketzgadjvzedbayesc.supabase.co/storage/v1/object/public/content-images/iipa/anatomy/p26.png
27,https://sbketzgadjvzedbayesc.supabase.co/storage/v1/object/public/content-images/iipa/anatomy/p27.png
28,https://sbketzgadjvzedbayesc.supabase.co/storage/v1/object/public/content-images/iipa/anatomy/p28.png
29,https://sbketzgadjvzedbayesc.supabase.co/storage/v1/object/public/content-images/iipa/anatomy/p29.png
30,https://sbketzgadjvzedbayesc.supabase.co/storage/v1/object/public/content-images/iipa/anatomy/p30.png
31,https://sbketzgadjvzedbayesc.supabase.co/storage/v1/object/public/content-images/iipa/anatomy/p31.png
32,https://sbketzgadjvzedbayesc.supabase.co/storage/v1/object/public/content-images/iipa/anatomy/p32.png
33,https://sbketzgadjvzedbayesc.supabase.co/storage/v1/object/public/content-images/iipa/anatomy/p33.png
34,https://sbketzgadjvzedbayesc.supabase.co/storage/v1/object/public/content-images/iipa/anatomy/p34.png
35,https://sbketzgadjvzedbayesc.supabase.co/storage/v1/object/public/content-images/iipa/anatomy/p35.png
36,https://sbketzgadjvzedbayesc.supabase.co/storage/v1/object/public/content-images/iipa/anatomy/p36.png
37,https://sbketzgadjvzedbayesc.supabase.co/storage/v1/object/public/content-images/iipa/anatomy/p37.png
38,https://sbketzgadjvzedbayesc.supabase.co/storage/v1/object/public/content-images/iipa/anatomy/p38.png
39,https://sbketzgadjvzedbayesc.supabase.co/storage/v1/object/public/content-images/iipa/anatomy/p39.png
40,https://sbketzgadjvzedbayesc.supabase.co/storage/v1/object/public/content-images/iipa/anatomy/p40.png
41,https://sbketzgadjvzedbayesc.supabase.co/storage/v1/object/public/content-images/iipa/anatomy/p41.png
42,https://sbketzgadjvzedbayesc.supabase.co/storage/v1/object/public/content-images/iipa/anatomy/p42.png
43,https://sbketzgadjvzedbayesc.supabase.co/storage/v1/object/public/content-images/iipa/anatomy/p43.png
44,https://sbketzgadjvzedbayesc.supabase.co/storage/v1/object/public/content-images/iipa/anatomy/p44.png
45,https://sbketzgadjvzedbayesc.supabase.co/storage/v1/object/public/content-images/iipa/anatomy/p45.png
46,https://sbketzgadjvzedbayesc.supabase.co/storage/v1/object/public/content-images/iipa/anatomy/p46.png
47,https://sbketzgadjvzedbayesc.supabase.co/storage/v1/object/public/content-images/iipa/anatomy/p47.png
48,https://sbketzgadjvzedbayesc.supabase.co/storage/v1/object/public/content-images/iipa/anatomy/p48.png
49,https://sbketzgadjvzedbayesc.supabase.co/storage/v1/object/public/content-images/iipa/anatomy/p49.png
50,https://sbketzgadjvzedbayesc.supabase.co/storage/v1/object/public/content-images/iipa/anatomy/p50.png
51,https://sbketzgadjvzedbayesc.supabase.co/storage/v1/object/public/content-images/iipa/anatomy/p51.png
52,https://sbketzgadjvzedbayesc.supabase.co/storage/v1/object/public/content-images/iipa/anatomy/p52.png
53,https://sbketzgadjvzedbayesc.supabase.co/storage/v1/object/public/content-images/iipa/anatomy/p53.png
54,https://sbketzgadjvzedbayesc.supabase.co/storage/v1/object/public/content-images/iipa/anatomy/p54.png
55,https://sbketzgadjvzedbayesc.supabase.co/storage/v1/object/public/content-images/iipa/anatomy/p55.png
56,https://sbketzgadjvzedbayesc.supabase.co/storage/v1/object/public/content-images/iipa/anatomy/p56.png
57,https://sbketzgadjvzedbayesc.supabase.co/storage/v1/object/public/content-images/iipa/anatomy/p57.png
58,https://sbketzgadjvzedbayesc.supabase.co/storage/v1/object/public/content-images/iipa/anatomy/p58.png
59,https://sbketzgadjvzedbayesc.supabase.co/storage/v1/object/public/content-images/iipa/anatomy/p59.png
60,https://sbketzgadjvzedbayesc.supabase.co/storage/v1/object/public/content-images/iipa/anatomy/p60.png
61,https://sbketzgadjvzedbayesc.supabase.co/storage/v1/object/public/content-images/iipa/anatomy/p61.png
62,https://sbketzgadjvzedbayesc.supabase.co/storage/v1/object/public/content-images/iipa/anatomy/p62.png
63,https://sbketzgadjvzedbayesc.supabase.co/storage/v1/object/public/content-images/iipa/anatomy/p63.png
64,https://sbketzgadjvzedbayesc.supabase.co/storage/v1/object/public/content-images/iipa/anatomy/p64.png
65,https://sbketzgadjvzedbayesc.supabase.co/storage/v1/object/public/content-images/iipa/anatomy/p65.png
66,https://sbketzgadjvzedbayesc.supabase.co/storage/v1/object/public/content-images/iipa/anatomy/p66.png
67,https://sbketzgadjvzedbayesc.supabase.co/storage/v1/object/public/content-images/iipa/anatomy/p67.png
68,https://sbketzgadjvzedbayesc.supabase.co/storage/v1/object/public/content-images/iipa/anatomy/p68.png
69,https://sbketzgadjvzedbayesc.supabase.co/storage/v1/object/public/content-images/iipa/anatomy/p69.png
70,https://sbketzgadjvzedbayesc.supabase.co/storage/v1/object/public/content-images/iipa/anatomy/p70.png
71,https://sbketzgadjvzedbayesc.supabase.co/storage/v1/object/public/content-images/iipa/anatomy/p71.png
72,https://sbketzgadjvzedbayesc.supabase.co/storage/v1/object/public/content-images/iipa/anatomy/p72.png
73,https://sbketzgadjvzedbayesc.supabase.co/storage/v1/object/public/content-images/iipa/anatomy/p73.png
74,https://sbketzgadjvzedbayesc.supabase.co/storage/v1/object/public/content-images/iipa/anatomy/p74.png
75,https://sbketzgadjvzedbayesc.supabase.co/storage/v1/object/public/content-images/iipa/anatomy/p75.png
76,https://sbketzgadjvzedbayesc.supabase.co/storage/v1/object/public/content-images/iipa/anatomy/p76.png
77,https://sbketzgadjvzedbayesc.supabase.co/storage/v1/object/public/content-images/iipa/anatomy/p77.png
78,https://sbketzgadjvzedbayesc.supabase.co/storage/v1/object/public/content-images/iipa/anatomy/p78.png
79,https://sbketzgadjvzedbayesc.supabase.co/storage/v1/object/public/content-images/iipa/anatomy/p79.png
80,https://sbketzgadjvzedbayesc.supabase.co/storage/v1/object/public/content-images/iipa/anatomy/p80.png
81,https://sbketzgadjvzedbayesc.supabase.co/storage/v1/object/public/content-images/iipa/anatomy/p81.png
82,https://sbketzgadjvzedbayesc.supabase.co/storage/v1/object/public/content-images/iipa/anatomy/p82.png
83,https://sbketzgadjvzedbayesc.supabase.co/storage/v1/object/public/content-images/iipa/anatomy/p83.png
84,https://sbketzgadjvzedbayesc.supabase.co/storage/v1/object/public/content-images/iipa/anatomy/p84.png
85,https://sbketzgadjvzedbayesc.supabase.co/storage/v1/object/public/content-images/iipa/anatomy/p85.png
86,https://sbketzgadjvzedbayesc.supabase.co/storage/v1/object/public/content-images/iipa/anatomy/p86.png
87,https://sbketzgadjvzedbayesc.supabase.co/storage/v1/object/public/content-images/iipa/anatomy/p87.png
88,https://sbketzgadjvzedbayesc.supabase.co/storage/v1/object/public/content-images/iipa/anatomy/p88.png
89,https://sbketzgadjvzedbayesc.supabase.co/storage/v1/object/public/content-images/iipa/anatomy/p89.png
90,https://sbketzgadjvzedbayesc.supabase.co/storage/v1/object/public/content-images/iipa/anatomy/p90.png
91,https://sbketzgadjvzedbayesc.supabase.co/storage/v1/object/public/content-images/iipa/anatomy/p91.png
92,https://sbketzgadjvzedbayesc.supabase.co/storage/v1/object/public/content-images/iipa/anatomy/p92.png
93,https://sbketzgadjvzedbayesc.supabase.co/storage/v1/object/public/content-images/iipa/anatomy/p93.png
94,https://sbketzgadjvzedbayesc.supabase.co/storage/v1/object/public/content-images/iipa/anatomy/p94.png
95,https://sbketzgadjvzedbayesc.supabase.co/storage/v1/object/public/content-images/iipa/anatomy/p95.png
96,https://sbketzgadjvzedbayesc.supabase.co/storage/v1/object/public/content-images/iipa/anatomy/p96.png
97,https://sbketzgadjvzedbayesc.supabase.co/storage/v1/object/public/content-images/iipa/anatomy/p97.png
98,https://sbketzgadjvzedbayesc.supabase.co/storage/v1/object/public/content-images/iipa/anatomy/p98.png
99,https://sbketzgadjvzedbayesc.supabase.co/storage/v1/object/public/content-images/iipa/anatomy/p99.png
100,https://sbketzgadjvzedbayesc.supabase.co/storage/v1/object/public/content-images/iipa/anatomy/p100.png
101,https://sbketzgadjvzedbayesc.supabase.co/storage/v1/object/public/content-images/iipa/anatomy/p101.png
102,https://sbketzgadjvzedbayesc.supabase.co/storage/v1/object/public/content-images/iipa/anatomy/p102.png
103,https://sbketzgadjvzedbayesc.supabase.co/storage/v1/object/public/content-images/iipa/anatomy/p103.png
104,https://sbketzgadjvzedbayesc.supabase.co/storage/v1/object/public/content-images/iipa/anatomy/p104.png
105,https://sbketzgadjvzedbayesc.supabase.co/storage/v1/object/public/content-images/iipa/anatomy/p105.png
106,https://sbketzgadjvzedbayesc.supabase.co/storage/v1/object/public/content-images/iipa/anatomy/p106.png
107,https://sbketzgadjvzedbayesc.supabase.co/storage/v1/object/public/content-images/iipa/anatomy/p107.png
108,https://sbketzgadjvzedbayesc.supabase.co/storage/v1/object/public/content-images/iipa/anatomy/p108.png
109,https://sbketzgadjvzedbayesc.supabase.co/storage/v1/object/public/content-images/iipa/anatomy/p109.png
110,https://sbketzgadjvzedbayesc.supabase.co/storage/v1/object/public/content-images/iipa/anatomy/p110.png
111,https://sbketzgadjvzedbayesc.supabase.co/storage/v1/object/public/content-images/iipa/anatomy/p111.png
112,https://sbketzgadjvzedbayesc.supabase.co/storage/v1/object/public/content-images/iipa/anatomy/p112.png
113,https://sbketzgadjvzedbayesc.supabase.co/storage/v1/object/public/content-images/iipa/anatomy/p113.png
114,https://sbketzgadjvzedbayesc.supabase.co/storage/v1/object/public/content-images/iipa/anatomy/p114.png
115,https://sbketzgadjvzedbayesc.supabase.co/storage/v1/object/public/content-images/iipa/anatomy/p115.png
116,https://sbketzgadjvzedbayesc.supabase.co/storage/v1/object/public/content-images/iipa/anatomy/p116.png
117,https://sbketzgadjvzedbayesc.supabase.co/storage/v1/object/public/content-images/iipa/anatomy/p117.png
118,https://sbketzgadjvzedbayesc.supabase.co/storage/v1/object/public/content-images/iipa/anatomy/p118.png
119,https://sbketzgadjvzedbayesc.supabase.co/storage/v1/object/public/content-images/iipa/anatomy/p119.png
120,https://sbketzgadjvzedbayesc.supabase.co/storage/v1/object/public/content-images/iipa/anatomy/p120.png
121,https://sbketzgadjvzedbayesc.supabase.co/storage/v1/object/public/content-images/iipa/anatomy/p121.png
122,https://sbketzgadjvzedbayesc.supabase.co/storage/v1/object/public/content-images/iipa/anatomy/p122.png
123,https://sbketzgadjvzedbayesc.supabase.co/storage/v1/object/public/content-images/iipa/anatomy/p123.png
124,https://sbketzgadjvzedbayesc.supabase.co/storage/v1/object/public/content-images/iipa/anatomy/p124.png
125,https://sbketzgadjvzedbayesc.supabase.co/storage/v1/object/public/content-images/iipa/anatomy/p125.png
126,https://sbketzgadjvzedbayesc.supabase.co/storage/v1/object/public/content-images/iipa/anatomy/p126.png
127,https://sbketzgadjvzedbayesc.supabase.co/storage/v1/object/public/content-images/iipa/anatomy/p127.png
128,https://sbketzgadjvzedbayesc.supabase.co/storage/v1/object/public/content-images/iipa/anatomy/p128.png
129,https://sbketzgadjvzedbayesc.supabase.co/storage/v1/object/public/content-images/iipa/anatomy/p129.png
130,https://sbketzgadjvzedbayesc.supabase.co/storage/v1/object/public/content-images/iipa/anatomy/p130.png
131,https://sbketzgadjvzedbayesc.supabase.co/storage/v1/object/public/content-images/iipa/anatomy/p131.png
132,https://sbketzgadjvzedbayesc.supabase.co/storage/v1/object/public/content-images/iipa/anatomy/p132.png
133,https://sbketzgadjvzedbayesc.supabase.co/storage/v1/object/public/content-images/iipa/anatomy/p133.png
134,https://sbketzgadjvzedbayesc.supabase.co/storage/v1/object/public/content-images/iipa/anatomy/p134.png
135,https://sbketzgadjvzedbayesc.supabase.co/storage/v1/object/public/content-images/iipa/anatomy/p135.png
136,https://sbketzgadjvzedbayesc.supabase.co/storage/v1/object/public/content-images/iipa/anatomy/p136.png
137,https://sbketzgadjvzedbayesc.supabase.co/storage/v1/object/public/content-images/iipa/anatomy/p137.png
138,https://sbketzgadjvzedbayesc.supabase.co/storage/v1/object/public/content-images/iipa/anatomy/p138.png
139,https://sbketzgadjvzedbayesc.supabase.co/storage/v1/object/public/content-images/iipa/anatomy/p139.png
140,https://sbketzgadjvzedbayesc.supabase.co/storage/v1/object/public/content-images/iipa/anatomy/p140.png
141,https://sbketzgadjvzedbayesc.supabase.co/storage/v1/object/public/content-images/iipa/anatomy/p141.png
142,https://sbketzgadjvzedbayesc.supabase.co/storage/v1/object/public/content-images/iipa/anatomy/p142.png
143,https://sbketzgadjvzedbayesc.supabase.co/storage/v1/object/public/content-images/iipa/anatomy/p143.png
144,https://sbketzgadjvzedbayesc.supabase.co/storage/v1/object/public/content-images/iipa/anatomy/p144.png
145,https://sbketzgadjvzedbayesc.supabase.co/storage/v1/object/public/content-images/iipa/anatomy/p145.png
146,https://sbketzgadjvzedbayesc.supabase.co/storage/v1/object/public/content-images/iipa/anatomy/p146.png
147,https://sbketzgadjvzedbayesc.supabase.co/storage/v1/object/public/content-images/iipa/anatomy/p147.png
148,https://sbketzgadjvzedbayesc.supabase.co/storage/v1/object/public/content-images/iipa/anatomy/p148.png
149,https://sbketzgadjvzedbayesc.supabase.co/storage/v1/object/public/content-images/iipa/anatomy/p149.png
150,https://sbketzgadjvzedbayesc.supabase.co/storage/v1/object/public/content-images/iipa/anatomy/p150.png
151,https://sbketzgadjvzedbayesc.supabase.co/storage/v1/object/public/content-images/iipa/anatomy/p151.png
152,https://sbketzgadjvzedbayesc.supabase.co/storage/v1/object/public/content-images/iipa/anatomy/p152.png
153,https://sbketzgadjvzedbayesc.supabase.co/storage/v1/object/public/content-images/iipa/anatomy/p153.png
154,https://sbketzgadjvzedbayesc.supabase.co/storage/v1/object/public/content-images/iipa/anatomy/p154.png
155,https://sbketzgadjvzedbayesc.supabase.co/storage/v1/object/public/content-images/iipa/anatomy/p155.png
156,https://sbketzgadjvzedbayesc.supabase.co/storage/v1/object/public/content-images/iipa/anatomy/p156.png
157,https://sbketzgadjvzedbayesc.supabase.co/storage/v1/object/public/content-images/iipa/anatomy/p157.png
158,https://sbketzgadjvzedbayesc.supabase.co/storage/v1/object/public/content-images/iipa/anatomy/p158.png
159,https://sbketzgadjvzedbayesc.supabase.co/storage/v1/object/public/content-images/iipa/anatomy/p159.png
160,https://sbketzgadjvzedbayesc.supabase.co/storage/v1/object/public/content-images/iipa/anatomy/p160.png
161,https://sbketzgadjvzedbayesc.supabase.co/storage/v1/object/public/content-images/iipa/anatomy/p161.png
162,https://sbketzgadjvzedbayesc.supabase.co/storage/v1/object/public/content-images/iipa/anatomy/p162.png
163,https://sbketzgadjvzedbayesc.supabase.co/storage/v1/object/public/content-images/iipa/anatomy/p163.png
164,https://sbketzgadjvzedbayesc.supabase.co/storage/v1/object/public/content-images/iipa/anatomy/p164.png
165,https://sbketzgadjvzedbayesc.supabase.co/storage/v1/object/public/content-images/iipa/anatomy/p165.png
166,https://sbketzgadjvzedbayesc.supabase.co/storage/v1/object/public/content-images/iipa/anatomy/p166.png
167,https://sbketzgadjvzedbayesc.supabase.co/storage/v1/object/public/content-images/iipa/anatomy/p167.png
168,https://sbketzgadjvzedbayesc.supabase.co/storage/v1/object/public/content-images/iipa/anatomy/p168.png
169,https://sbketzgadjvzedbayesc.supabase.co/storage/v1/object/public/content-images/iipa/anatomy/p169.png
170,https://sbketzgadjvzedbayesc.supabase.co/storage/v1/object/public/content-images/iipa/anatomy/p170.png
171,https://sbketzgadjvzedbayesc.supabase.co/storage/v1/object/public/content-images/iipa/anatomy/p171.png
172,https://sbketzgadjvzedbayesc.supabase.co/storage/v1/object/public/content-images/iipa/anatomy/p172.png
173,https://sbketzgadjvzedbayesc.supabase.co/storage/v1/object/public/content-images/iipa/anatomy/p173.png
174,https://sbketzgadjvzedbayesc.supabase.co/storage/v1/object/public/content-images/iipa/anatomy/p174.png
175,https://sbketzgadjvzedbayesc.supabase.co/storage/v1/object/public/content-images/iipa/anatomy/p175.png
176,https://sbketzgadjvzedbayesc.supabase.co/storage/v1/object/public/content-images/iipa/anatomy/p176.png
177,https://sbketzgadjvzedbayesc.supabase.co/storage/v1/object/public/content-images/iipa/anatomy/p177.png
178,https://sbketzgadjvzedbayesc.supabase.co/storage/v1/object/public/content-images/iipa/anatomy/p178.png
179,https://sbketzgadjvzedbayesc.supabase.co/storage/v1/object/public/content-images/iipa/anatomy/p179.png
180,https://sbketzgadjvzedbayesc.supabase.co/storage/v1/object/public/content-images/iipa/anatomy/p180.png
181,https://sbketzgadjvzedbayesc.supabase.co/storage/v1/object/public/content-images/iipa/anatomy/p181.png
182,https://sbketzgadjvzedbayesc.supabase.co/storage/v1/object/public/content-images/iipa/anatomy/p182.png
183,https://sbketzgadjvzedbayesc.supabase.co/storage/v1/object/public/content-images/iipa/anatomy/p183.png
184,https://sbketzgadjvzedbayesc.supabase.co/storage/v1/object/public/content-images/iipa/anatomy/p184.png
185,https://sbketzgadjvzedbayesc.supabase.co/storage/v1/object/public/content-images/iipa/anatomy/p185.png
186,https://sbketzgadjvzedbayesc.supabase.co/storage/v1/object/public/content-images/iipa/anatomy/p186.png
187,https://sbketzgadjvzedbayesc.supabase.co/storage/v1/object/public/content-images/iipa/anatomy/p187.png
188,https://sbketzgadjvzedbayesc.supabase.co/storage/v1/object/public/content-images/iipa/anatomy/p188.png
189,https://sbketzgadjvzedbayesc.supabase.co/storage/v1/object/public/content-images/iipa/anatomy/p189.png
190,https://sbketzgadjvzedbayesc.supabase.co/storage/v1/object/public/content-images/iipa/anatomy/p190.png
191,https://sbketzgadjvzedbayesc.supabase.co/storage/v1/object/public/content-images/iipa/anatomy/p191.png
192,https://sbketzgadjvzedbayesc.supabase.co/storage/v1/object/public/content-images/iipa/anatomy/p192.png
193,https://sbketzgadjvzedbayesc.supabase.co/storage/v1/object/public/content-images/iipa/anatomy/p193.png
194,https://sbketzgadjvzedbayesc.supabase.co/storage/v1/object/public/content-images/iipa/anatomy/p194.png
195,https://sbketzgadjvzedbayesc.supabase.co/storage/v1/object/public/content-images/iipa/anatomy/p195.png
196,https://sbketzgadjvzedbayesc.supabase.co/storage/v1/object/public/content-images/iipa/anatomy/p196.png
197,https://sbketzgadjvzedbayesc.supabase.co/storage/v1/object/public/content-images/iipa/anatomy/p197.png
198,https://sbketzgadjvzedbayesc.supabase.co/storage/v1/object/public/content-images/iipa/anatomy/p198.png
199,https://sbketzgadjvzedbayesc.supabase.co/storage/v1/object/public/content-images/iipa/anatomy/p199.png
200,https://sbketzgadjvzedbayesc.supabase.co/storage/v1/object/public/content-images/iipa/anatomy/p200.png
201,https://sbketzgadjvzedbayesc.supabase.co/storage/v1/object/public/content-images/iipa/anatomy/p201.png
202,https://sbketzgadjvzedbayesc.supabase.co/storage/v1/object/public/content-images/iipa/anatomy/p202.png
203,https://sbketzgadjvzedbayesc.supabase.co/storage/v1/object/public/content-images/iipa/anatomy/p203.png
204,https://sbketzgadjvzedbayesc.supabase.co/storage/v1/object/public/content-images/iipa/anatomy/p204.png
205,https://sbketzgadjvzedbayesc.supabase.co/storage/v1/object/public/content-images/iipa/anatomy/p205.png
206,https://sbketzgadjvzedbayesc.supabase.co/storage/v1/object/public/content-images/iipa/anatomy/p206.png
207,https://sbketzgadjvzedbayesc.supabase.co/storage/v1/object/public/content-images/iipa/anatomy/p207.png
208,https://sbketzgadjvzedbayesc.supabase.co/storage/v1/object/public/content-images/iipa/anatomy/p208.png
209,https://sbketzgadjvzedbayesc.supabase.co/storage/v1/object/public/content-images/iipa/anatomy/p209.png
210,https://sbketzgadjvzedbayesc.supabase.co/storage/v1/object/public/content-images/iipa/anatomy/p210.png
211,https://sbketzgadjvzedbayesc.supabase.co/storage/v1/object/public/content-images/iipa/anatomy/p211.png
212,https://sbketzgadjvzedbayesc.supabase.co/storage/v1/object/public/content-images/iipa/anatomy/p212.png
213,https://sbketzgadjvzedbayesc.supabase.co/storage/v1/object/public/content-images/iipa/anatomy/p213.png
214,https://sbketzgadjvzedbayesc.supabase.co/storage/v1/object/public/content-images/iipa/anatomy/p214.png
215,https://sbketzgadjvzedbayesc.supabase.co/storage/v1/object/public/content-images/iipa/anatomy/p215.png
216,https://sbketzgadjvzedbayesc.supabase.co/storage/v1/object/public/content-images/iipa/anatomy/p216.png
217,https://sbketzgadjvzedbayesc.supabase.co/storage/v1/object/public/content-images/iipa/anatomy/p217.png
218,https://sbketzgadjvzedbayesc.supabase.co/storage/v1/object/public/content-images/iipa/anatomy/p218.png
219,https://sbketzgadjvzedbayesc.supabase.co/storage/v1/object/public/content-images/iipa/anatomy/p219.png
220,https://sbketzgadjvzedbayesc.supabase.co/storage/v1/object/public/content-images/iipa/anatomy/p220.png
221,https://sbketzgadjvzedbayesc.supabase.co/storage/v1/object/public/content-images/iipa/anatomy/p221.png
222,https://sbketzgadjvzedbayesc.supabase.co/storage/v1/object/public/content-images/iipa/anatomy/p222.png
223,https://sbketzgadjvzedbayesc.supabase.co/storage/v1/object/public/content-images/iipa/anatomy/p223.png
224,https://sbketzgadjvzedbayesc.supabase.co/storage/v1/object/public/content-images/iipa/anatomy/p224.png
225,https://sbketzgadjvzedbayesc.supabase.co/storage/v1/object/public/content-images/iipa/anatomy/p225.png