id,chapter_title,content_type,question,explanation
1446ef07-5dbc-48de-9444-f610ccb6bcc0,고관절 근육 (굴곡/신전/외전/외회전),lesson,고관절 ROM과 장요근 Iliopsoas,"고관절은 삼평면으로 움직이는 구상 관절이며, 각 방향마다 일반적인 가동범위(ROM)가 정해져 있습니다. 굴곡은 약 120도, 신전은 약 30도까지 가능하고, 외전은 약 40도, 내전은 약 20도, 외회전은 약 50도, 내회전은 약 40도 정도가 기준입니다.

장요근(Iliopsoas)은 장골근과 대요근이 함께 작용하는 근육으로, 고관절 굴곡을 만드는 가장 강력한 근육입니다. 장골근은 장골능에서 시작해 대퇴골의 소전자에 붙고, 대요근은 흉추 12번부터 요추 4번까지의 척추뼈에서 시작해 역시 소전자에 붙습니다. 두 근육 모두 고관절 굴곡과 외회전을 만들어냅니다.

두 근육의 흥미로운 차이는 대요근이 척추뼈에서 직접 시작한다는 점에 있습니다. 이 덕분에 대요근은 장골근과 달리 몸통의 측굴에도 관여할 수 있습니다. 앉은 자세에서 다리를 들어 올리는 동작이나 계단을 오르는 동작에서 장요근이 강하게 활성화되는 것을 떠올리면, 이 근육이 고관절 굴곡의 주동근이라는 점을 쉽게 이해할 수 있습니다."
5f1d201c-b516-4d24-a0af-0b5579e69c98,고관절 근육 (굴곡/신전/외전/외회전),lesson,"둔근 3형제: 대둔근, 중둔근, 소둔근","엉덩이를 이루는 세 개의 둔근은 서로 다른 위치에서 시작해 각기 다른 고관절 움직임을 만들어냅니다.

대둔근(Gluteus maximus)은 천골 후면, 장골, 장골의 상둔선에서 시작해 대퇴골의 둔근조면과 장경인대에 붙습니다. 고관절을 뒤로 펴는 신전과 바깥으로 돌리는 외회전을 만들며, 동시에 고관절과 골반 전체를 안정시키는 역할도 함께 합니다.

중둔근(Gluteus medius)은 장골능과 상둔선~중둔선 사이에서 시작해 대퇴골의 대전자에 붙습니다. 다리를 옆으로 벌리는 외전과, 근육의 앞쪽 섬유가 만드는 내회전을 담당합니다. 소둔근(Gluteus minimus)도 장골 후부에서 시작해 대전자 전면에 붙으며, 중둔근과 똑같이 외전과 내회전 패턴을 보입니다.

여기서 꼭 기억해야 할 부분은, 세 근육 중 대둔근만 유일하게 외회전을 만든다는 점입니다. 중둔근과 소둔근은 오히려 반대인 내회전을 담당합니다. 이렇게 대둔근을 신전과 외회전, 중둔근과 소둔근을 외전과 내회전으로 짝지어 기억하면 헷갈리지 않습니다.

중둔근은 특히 한 발로 서 있을 때 중요한 역할을 합니다. 이 근육이 골반의 측면을 붙잡아주지 않으면, 지지하지 않는 쪽 골반이 아래로 처지는 트렌델렌버그 징후가 나타날 수 있습니다. 즉 중둔근은 단순히 다리를 벌리는 근육을 넘어, 걷거나 한 발로 설 때 골반을 수평으로 유지시키는 안정근 역할을 합니다."
4c9e3509-61ba-4f77-b395-1c11dcb46a20,고관절 근육 (굴곡/신전/외전/외회전),lesson,대퇴근막장근(TFL)과 고관절 외회전근군,"대퇴근막장근(TFL, Tensor fascia latae)은 ASIS 뒤쪽의 장골능에서 시작해 장경인대에 붙는 근육으로, 고관절의 외전, 내회전, 굴곡이라는 세 가지 움직임에 동시에 관여하는 독특한 근육입니다. 또한 장경인대를 통해 힘이 무릎까지 전달되기 때문에 슬관절 신전에도 기여합니다.

고관절을 바깥으로 돌리는 외회전근군은 이상근, 내폐쇄근, 외폐쇄근, 상쌍자근, 하쌍자근, 대퇴방형근까지 총 여섯 개의 근육으로 이루어져 있습니다. 이상근은 천골 전면에서, 폐쇄근 두 개는 폐쇄공에서, 대퇴방형근은 좌골결절에서 각각 시작하지만, 모두 대퇴골의 대전자 부근에 정지하며 공통적으로 고관절 외회전이라는 하나의 작용을 만들어냅니다.

이 여섯 근육은 몸의 깊은 곳에 자리 잡아 고관절을 안정시키는 심부 안정근으로 분류됩니다. 특히 이상근은 바로 아래를 지나가는 좌골신경과 해부학적으로 가까운 관계에 있어, 이 근육이 과도하게 긴장되면 신경을 압박해 통증을 유발하는 이상근 증후군으로 이어질 수 있다는 점에서 임상적으로도 자주 언급됩니다."
6953d637-18f6-4b1b-809b-4e4bed4f9d8c,고관절 근육 (굴곡/신전/외전/외회전),quiz,대둔근(Gluteus maximus)의 Action에는 고관절 외회전(External rotation)이 포함된다.,"대둔근의 작용은 고관절 신전과 고관절 외회전이며, 여기에 안정화 기능도 함께 담당합니다. 중둔근과 소둔근은 반대로 내회전이 작용에 포함됩니다."
16b5824e-580c-48d1-9817-c7edef143cae,고관절 근육 (굴곡/신전/외전/외회전),quiz,중둔근(Gluteus medius)의 전방섬유(anterior fiber)는 고관절 외회전을 만든다.,"중둔근의 작용은 고관절 외전과, 전방섬유가 만드는 내회전입니다. 전방섬유는 외회전이 아닌 내회전을 만듭니다."
1eed6137-9a30-4bff-8684-568713152dcc,고관절 근육 (굴곡/신전/외전/외회전),exam,Iliopsoas (장요근) 근육의 주 움직임(Action)은 무엇인가?,"장요근(장골근+대요근)의 작용은 고관절 굴곡과 외회전이며, 이 중 고관절 굴곡이 가장 강력한 작용입니다."
f9f1ba72-e9fc-4855-bee7-16f775fbec06,고관절 근육 (굴곡/신전/외전/외회전),exam,"다음 동작(반가부좌 자세, 무릎을 굽혀 발을 붙인 좌위)에서 보이는 고관절의 움직임은?",이미지 캡션에 'midrange external femur rotation'이 명시되어 있어 대퇴골의 외회전(External rotation)이 일어남을 알 수 있습니다. 동시에 앉은 자세에서 고관절은 굴곡(Flexion) 상태입니다. 따라서 답은 굴곡+외회전입니다.
b06c084a-75b1-4595-9dd2-17c22fa69efc,동작과 근육,lesson,체간 동작과 관여근육,"체간(몸통)의 동작은 여러 근육이 함께 작용해서 만들어지며, 방향에 따라 주로 관여하는 근육이 다릅니다.

1. 체간 굴곡: 복직근이 가장 직접적으로 관여하며, 양쪽 외복사근·내복사근도 함께 작용합니다.
2. 체간 신전: 척추기립근(장늑근·최장근·극근)과 다열근이 주로 작용합니다.
3. 체간 측굴: 같은 쪽 외복사근·내복사근, 요방형근이 함께 작용합니다(양쪽 근육이 각자 자기 쪽으로 굽히는 방향에 관여).
4. 체간 회전: 한쪽 외복사근과 반대쪽 내복사근이 짝을 이루어 함께 작용해야 회전이 만들어집니다 — 즉 좌측 회전은 우측 외복사근+좌측 내복사근의 협력으로 일어납니다.

이처럼 체간 동작은 한 근육이 단독으로 만드는 것이 아니라, 여러 근육이 협력근(synergist) 관계로 함께 작용한다는 점이 중요합니다."
51de8e50-7ddb-4ccd-8246-d81e80b23006,동작과 근육,lesson,어깨(견갑골 포함) 동작과 관여근육,"어깨 동작은 상완골이 움직이는 것뿐 아니라 견갑골의 움직임이 함께 맞물려야 정상적으로 완성됩니다(견갑상완리듬).

1. 어깨관절 굴곡: 삼각근 전면부가 주로 작용
2. 어깨관절 신전: 광배근, 대원근이 주로 작용
3. 어깨관절 외전: 삼각근 중간부, 극상근(초기 외전 개시)이 관여
4. 견갑골 후인(모으기): 능형근, 승모근 중부
5. 견갑골 상방회전(팔을 머리 위로 들 때 필요): 전거근과 승모근 상부·하부가 함께 작용

특히 견갑골이 제대로 상방회전하지 않으면 어깨를 완전히 들어올릴 때 견봉과 회전근개 힘줄 사이가 좁아져 충돌이 생길 수 있으므로, 상완골 움직임과 견갑골 움직임을 항상 짝으로 이해해야 합니다."
65e389c1-5c67-4b50-8a1a-cf6ea3374a63,동작과 근육,lesson,고관절 동작과 관여근육,"고관절은 큰 가동범위를 가진 관절인 만큼 방향별로 관여하는 근육도 다양합니다.

1. 고관절 굴곡: 장요근, 대퇴직근이 주로 작용
2. 고관절 신전: 대둔근, 슬괵근이 주로 작용
3. 고관절 외전: 중둔근, 대퇴근막장근(TFL)이 주로 작용
4. 고관절 내전: 장내전근·단내전근·대내전근·박근·치골근 등 내전근군이 작용
5. 고관절 회전: 대둔근 등 둔부 심부의 여러 작은 근육들이 외회전에, 중둔근·소둔근의 전면 섬유가 내회전에 관여합니다(세부 근육은 별도 심화 과정에서 다룹니다)

한 발로 서는 동작에서는 중둔근이 골반을 수평으로 유지하는 역할을 하므로, 고관절 외전근의 약화는 걷기·한발서기 시 골반이 반대쪽으로 기우는 트렌델렌버그 징후로 이어질 수 있습니다."
d14ff12d-c048-4e1d-9eb7-e64a4dff4b2f,동작과 근육,lesson,무릎 동작과 관여근육,"무릎관절은 굴곡-신전을 중심으로 비교적 단순해 보이지만, 관여 근육이 다관절근인 경우가 많아 다른 관절과 연동해서 이해해야 합니다.

1. 무릎 신전: 대퇴사두근(대퇴직근·내측광근·외측광근·중간광근) 전체가 작용
2. 무릎 굴곡: 슬괵근(대퇴이두근·반건양근·반막양근)이 주로 작용하며, 비복근도 하퇴 뒤쪽에서 보조적으로 관여
3. 무릎이 살짝 굴곡될 때 경골을 내회전시켜 완전 신전 잠김을 풀어주는 역할: 슬와근(Popliteus)

대퇴직근과 슬괵근(대퇴이두근 장두)은 모두 고관절도 함께 지나가는 다관절근이므로, 무릎 동작을 볼 때는 고관절 자세가 함께 고려되어야 정확한 근육 기여도를 판단할 수 있습니다."
9ab047d4-3044-4afb-ba75-6415fb04abde,동작과 근육,lesson,발목 동작과 관여근육,"발목관절의 동작은 발목 앞뒤·안팎 방향에 따라 관여하는 근육이 나뉩니다.

1. 발목 배측굴곡(발끝 들기): 전경골근이 주로 작용
2. 발목 저측굴곡(까치발): 비복근·넙치근(하퇴삼두근)이 주로 작용
3. 발목 내번: 후경골근, 전경골근이 함께 관여
4. 발목 외번: 장비골근·단비골근이 관여

특히 후경골근은 저측굴곡과 내번에 동시에 관여하는 근육으로, 발의 아치를 지지하는 데도 중요한 역할을 합니다. 장비골근 역시 외번 작용 외에 아치 지지 기능이 있어, 발목 동작을 발의 아치 안정성과 함께 이해하면 자세평가 단원(단원8)과도 자연스럽게 연결됩니다."
f522fae2-114c-419a-98b6-f5cc1cf8b505,동작과 근육,quiz,체간 좌측 회전은 좌측 외복사근과 좌측 내복사근이 함께 수축하여 만들어진다.,체간 회전은 한쪽 외복사근과 반대쪽 내복사근이 짝을 이루어 작용합니다. 좌측 회전은 우측 외복사근과 좌측 내복사근의 협력으로 만들어집니다.
5a9f1aa4-d1b8-401e-ae50-ee78b7693e59,동작과 근육,quiz,한 발로 서는 동작에서 골반을 수평으로 유지하는 데 가장 중요한 고관절 외전근은?,"중둔근은 한 발 서기에서 골반의 수평을 유지하는 핵심 고관절 외전근이며, 약화 시 트렌델렌버그 징후가 나타날 수 있습니다."
06fae99a-6f6d-4894-9e8d-ca2e2e0ad197,동작과 근육,quiz,무릎을 살짝 굴곡시켜 완전 신전 잠김을 풀어주는 역할을 하는 근육은 슬와근이다.,슬와근(Popliteus)은 경골을 내회전시켜 무릎의 완전 신전 잠김(screw-home mechanism)을 풀어주는 역할을 합니다.
e63b906c-8d3f-4b05-aa05-5f5e75bdef53,동작과 근육,exam,어깨관절을 머리 위로 완전히 들어올릴 때 견갑골이 함께 상방회전하지 않으면 발생할 수 있는 문제는?,견갑골의 상방회전이 상완골 거상과 함께 일어나지 않으면 견봉과 회전근개 힘줄 사이 공간이 좁아져 충돌증후군으로 이어질 수 있습니다.
4875461b-3701-47d2-8fb7-097a9329c9cd,동작과 근육,exam,대퇴직근은 무릎관절만 지나가는 단관절근이다.,대퇴직근은 고관절과 무릎관절을 모두 지나가는 다관절근(이관절근)입니다. 고관절 굴곡과 무릎 신전에 동시에 관여합니다.
d11c584f-dfc3-40f1-8f68-f323cfd84eda,동작과 근육,exam,발목 저측굴곡과 내번에 동시에 관여하며 발의 아치 지지에도 기여하는 근육은?,"후경골근(Tibialis posterior)은 발목 저측굴곡과 내번에 동시에 관여하며, 발의 내측 아치를 지지하는 역할도 함께 담당합니다."
1fd980d9-0bbc-46fb-bd88-82c19a8a0063,동작과 근육,exam,고관절 신전근인 대둔근이 약화되면 걷기 동작에서 고관절 신전 기능이 다른 근육으로 보상될 수 있다.,"대둔근이 약화되면 슬괵근이나 척추기립근이 고관절 신전을 보상하려는 패턴이 나타날 수 있어, 기능적 통합 관점에서 함께 살펴봐야 합니다."
aabe68ae-2392-4b87-a5b1-4e2d941c6f67,동작과 근육,exam,체간 신전 동작에서 척추기립근과 함께 주로 작용하는 심부 근육은?,"다열근(Multifidus)은 척추 분절 안정화와 신전에 관여하는 심부 근육으로, 척추기립근과 함께 체간 신전에 작용합니다."
96cb2453-7603-4e78-a0e1-ed2ae3b44c42,촉지란?,lesson,촉지(Palpation)란 무엇인가,"촉지(Palpation)는 손의 접촉을 통해 신체 구조물의 위치와 상태를 확인하는 검사 기법입니다. 교재에서는 촉지를 ""일반적으로 진단의 목적으로 사용되는 접촉에 의한 검사나 탐색""으로 정의하며, 다음 세 가지 기술을 포함합니다.

1. 구조의 위치를 찾는 것 — 예를 들어 손끝으로 무릎뼈(슬개골)의 정확한 가장자리를 짚어내는 것
2. 구조의 특징을 인지하는 것 — 그 구조물이 뼈처럼 딱딱한지, 근육처럼 말랑한지 구별하는 것
3. 구조의 질이나 상황을 측정하는 것 — 근육이 이완되어 있는지 수축되어 있는지, 조직에 압통이 있는지 등을 판단하는 것

필라테스 지도자에게 촉지는 회원의 특정 근육이 실제로 활성화되고 있는지, 자세가 좌우 대칭인지를 손으로 직접 확인할 수 있는 실전 도구입니다. 예를 들어 플랭크 자세에서 회원의 복직근이 실제로 수축하고 있는지 손으로 가볍게 짚어 확인하는 것도 촉지의 한 예입니다."
fd914a54-b62e-4778-9893-11cd164b719c,촉지란?,lesson,촉지를 위한 손 사용법,"정확한 촉지를 위해서는 손끝의 감각을 최대한 예민하게 만드는 것이 중요합니다. 교재에서 제시하는 방법은 다음과 같습니다.

1. 양손을 포개어 촉지하기 — 아래쪽 손으로 실제 촉지를 하고 위쪽 손은 가볍게 눌러 보조함으로써, 아래 손이 이완된 상태를 유지하게 해 민감성과 안정성을 동시에 높입니다.
2. 눈을 감고 촉지하기 — 시각 정보를 차단하면 손끝 감각에 더 집중할 수 있어 미세한 촉감 차이를 구별하기 쉬워집니다.
3. 구조물 크기에 맞는 접촉면 선택 — ASIS(위앞엉덩뼈가시)처럼 작은 뼈는 손가락 끝으로, 장골능(엉덩뼈능선)처럼 넓은 구조는 손바닥 전체로 짚습니다.

이 세 가지 방법은 촉지 실습 초반에 함께 연습해보면 감각의 차이를 빠르게 체감할 수 있습니다."
8c50c339-9166-4fd6-9e45-f4a25929981f,촉지란?,lesson,촉지 시 주의사항,"촉지는 강하게 누른다고 더 정확해지는 기술이 아닙니다. 초보자일수록 구조물이 잘 느껴지지 않으면 더 깊고 강하게 누르려는 경향이 있는데, 이는 오히려 구조물을 찾기 어렵게 만들고 대상자에게 불편함만 키웁니다.

지켜야 할 원칙은 다음과 같습니다.

1. 아무리 깊은 조직이라도 부드러운 압력으로 접근한다.
2. 손을 천천히 움직이며 촉지한다.
3. 대상자가 불편함을 느끼면 즉시 촉지를 멈춘다. 예를 들어 검사자의 손이 차갑기만 해도 대상자는 사소한 촉지에 불편함을 느낄 수 있으므로, 손 온도 같은 사소한 요소도 미리 점검하는 것이 좋습니다.

지도자가 이 원칙을 지키지 않으면 회원과의 신뢰 관계에도 영향을 줄 수 있으므로, 기술적 정확성 못지않게 태도의 문제로 다뤄야 합니다."
a245f9f4-7dd9-48da-b937-85aeac3fe5b9,촉지란?,lesson,구조물별 질감 차이 구분하기,"촉지 실력을 키우는 핵심은 뼈·근육·힘줄(건)의 질감 차이를 구별하는 감각을 기르는 것입니다.

1. 뼈: 다른 구조물과 확연히 구별되는 딱딱한 느낌이 납니다. 다만 신장되어 팽팽해진 힘줄을 뼈로 착각하지 않도록 주의해야 합니다. ASIS(위앞엉덩뼈가시), 슬개골(patella), 복사뼈(malleolus) 등을 촉지하며 이 느낌을 익힐 수 있습니다.
2. 근육: 이완되어 있을 때는 말랑말랑하지만, 수축하면 단단해집니다. 상완이두근, 삼각근, 비복근(장딴지근)을 촉지하며 이완-수축 차이를 비교해볼 수 있습니다.
3. 건(힘줄): 이완 상태에서도 뼈처럼 단단한 느낌이 납니다. 아킬레스건, 슬개건(무릎힘줄)을 촉지하며 근육의 말랑함과 대비해볼 수 있습니다.

세 구조물을 번갈아 촉지하며 비교하는 연습이 감각을 가장 빠르게 발달시킵니다."
ff1287ad-65c9-42b0-b6a9-aa487babb1e1,촉지란?,quiz,촉지 시 구조물이 잘 느껴지지 않더라도 강하게 누르기보다 부드러운 압력으로 천천히 접근해야 한다.,구조물이 잘 느껴지지 않는다고 강하고 깊게 누르면 오히려 찾기 어려워지고 대상자가 불편해집니다. 부드러운 압력으로 천천히 접근하는 것이 올바른 방법입니다.
807dfb6e-2c22-41ff-b95d-b6d2f433e023,촉지란?,quiz,근육 조직의 촉지 시 질감에 대한 설명으로 옳은 것은?,"근육은 이완 상태에서는 말랑말랑하지만 수축하면 단단해지는 특성이 있어, 이 변화를 통해 활성화 여부를 촉지로 확인할 수 있습니다."
057f9798-653d-42af-b4b8-847fbc12c22f,촉지란?,exam,촉지(Palpation)의 정의에 포함되는 요소로 옳지 않은 것은?,"촉지는 손의 접촉을 통한 검사 기법으로, 위치 찾기·특징 인지·질/상황 측정의 세 요소로 구성됩니다. 영상을 이용한 진단은 촉지와는 다른 별개의 검사 방법입니다."
0d503aee-a53f-4d7c-b8e4-1e7a1a99cc5d,촉지란?,exam,작은 뼈 구조물을 촉지할 때는 손바닥 전체를 사용하는 것이 손가락 끝을 사용하는 것보다 정확하다.,ASIS와 같이 작은 뼈 구조물은 손가락 끝을 사용해 촉지하는 것이 정확도를 높입니다. 손바닥 전체는 장골능처럼 넓은 구조물을 촉지할 때 사용합니다.
fe81800a-0b50-443d-8ae5-761175f59569,촉지란?,exam,회원이 촉지 도중 통증이나 불편함을 호소했을 때 지도자가 취해야 할 가장 적절한 대응은?,대상자가 불편함을 느끼면 즉시 촉지를 멈추는 것이 원칙입니다. 통증을 무릅쓰고 계속 진행하는 것은 안전 원칙에 어긋납니다.
9e244b2b-54bc-4dab-a1ff-420ab9cad8d0,근육 촉지,lesson,몸통 근육 촉지 — 승모근·외복사근·복직근,"근육을 촉지할 때는 다음 순서를 따르면 효율적입니다.

1. 강의자료를 기준으로 근육의 기시·정지점을 먼저 파악한다.
2. 그 근육의 위치를 따라 손으로 짚어나간다.
3. 근육의 작용(Action)에 해당하는 움직임을 만들어 수축을 느껴본다.
4. 근육의 질감을 이완/수축 상태에서 비교해본다.

몸통 근육 중에서는 다음을 촉지 대상으로 삼습니다.

- 승모근(Trapezius): 목 뒤에서 등 위쪽까지 넓게 덮고 있는 근육으로, 어깨를 으쓱하는 동작(견갑골 거상)을 시키면서 수축을 확인합니다.
- 외복사근(External oblique): 옆구리에서 대각선 방향으로 만져지는 근육으로, 몸통을 반대쪽으로 회전시키며 확인합니다.
- 복직근(Rectus abdominis): 배 앞쪽 정중선 양옆의 세로 근육으로, 크런치처럼 몸통을 굴곡시키며 단단해지는 것을 느낍니다.

승모근과 전완근처럼 서로 다른 근육의 질감 차이를 비교해보는 것도 촉지 감각을 기르는 좋은 연습입니다."
32ba5c39-41f2-4021-be50-74263b09f938,근육 촉지,lesson,견갑대·상완 근육 촉지 — 회전근개·이두근/삼두근·광배근,"어깨와 위팔 부위에서는 다음 근육을 촉지 대상으로 합니다.

1. 광배근(Latissimus dorsi): 등 옆면 넓게 퍼져 있는 근육으로, 팔을 아래로 당기는 동작(어깨관절 신전/내전)에서 수축이 확인됩니다.
2. 회전근개(Rotator cuff) 중 체표에서 촉지 가능한 극상근(Supraspinatus)·극하근(Infraspinatus)·소원근(Teres minor): 어깨관절을 외회전시킨 상태에서 팔꿈치를 위로 올리면 극하근을 비교적 쉽게 촉지할 수 있습니다. (참고: 견갑하근은 회전근개에 속하지만 어깨 앞쪽 깊은 곳에 있어 체표 촉지로는 잘 확인되지 않습니다.)
3. 상완이두근(Biceps brachii)/상완삼두근(Triceps brachii): 팔꿈치를 굽히면 이두근이, 펴면 삼두근이 단단해지는 것을 비교해서 느낍니다.

회전근개는 위치가 깊고 서로 인접해 있어 처음에는 구별이 어려울 수 있으므로, 어깨관절의 자세(외회전 여부)를 먼저 만든 뒤 촉지하는 순서가 중요합니다."
ba86e4f5-676f-45e3-acce-3023206412cf,근육 촉지,lesson,대퇴 앞면 근육 촉지 — 대퇴사두근,"대퇴사두근(Quadriceps femoris)은 넙다리 앞쪽을 채우는 네 개의 근육으로 구성됩니다.

1. 대퇴직근(Rectus femoris): 넙다리 앞쪽 중앙, 무릎을 편 상태에서 다리를 들어올리면(고관절 굴곡+무릎 신전) 뚜렷하게 만져집니다.
2. 내측광근(Vastus medialis): 무릎 안쪽 바로 위, 무릎을 완전히 펼 때 특히 잘 단단해지는 부위입니다.
3. 외측광근(Vastus lateralis): 넙다리 바깥쪽, 대퇴이두근(햄스트링)과 인접해 있어 처음에는 혼동하기 쉽습니다.

내측광근과 외측광근을 구별하는 방법은 무릎을 펴는 동작에서 안쪽과 바깥쪽 중 어느 부위가 먼저 단단해지는지 좌우로 번갈아 짚어보는 것입니다."
214b6381-910b-4150-acb2-c9ffa399bbd9,근육 촉지,lesson,대퇴 뒤·둔부 근육 촉지 — 슬괵근·대둔근/중둔근·TFL,"넙다리 뒤쪽과 엉덩이 부위 근육은 다음과 같이 구별해서 촉지합니다.

1. 슬괵근(Hamstring): 대퇴이두근(바깥쪽)과 반건양근/반막양근(안쪽)으로 나뉘며, 무릎을 굽히는 동작에서 안쪽과 바깥쪽 중 어느 힘줄이 만져지는지로 구분합니다.
2. 대둔근(Gluteus maximus)/중둔근(Gluteus medius): 대둔근은 엉덩이 전체를 덮는 큰 근육이고, 중둔근은 그보다 위쪽·옆쪽에서 골반을 안정화하는 역할을 합니다. 한 발로 서면 중둔근의 수축이 뚜렷하게 느껴집니다.
3. 대퇴근막장근(TFL)/장경인대(IT band): 골반 앞가쪽에서 시작해 넙다리 옆면을 타고 내려가는 얇고 긴 구조로, 다리를 옆으로 들어올리는 동작(고관절 외전)에서 확인됩니다.

특히 대퇴이두근과 반건양근/반막양근을 구분하는 연습, 외측광근과 대퇴이두근을 구분하는 연습은 교재에서도 별도로 강조하는 촉지 훈련 포인트입니다."
d62496f9-b48f-41ec-99e8-7f9f2454501b,근육 촉지,lesson,하퇴 근육 촉지 — 비복근·넙치근·전경골근,"종아리와 정강이 부위 근육은 다음과 같이 구별합니다.

1. 비복근(Gastrocnemius): 종아리 뒤쪽 위쪽에서 볼록하게 튀어나온 근육으로, 무릎을 편 상태에서 까치발을 들면 뚜렷하게 확인됩니다.
2. 넙치근(Soleus): 비복근보다 더 깊고 아래쪽에 위치하며, 무릎을 굽힌 상태에서 까치발을 들면 비복근의 개입이 줄어들어 넙치근을 더 잘 느낄 수 있습니다.
3. 전경골근(Tibialis anterior): 정강이 앞쪽 바깥에서 만져지며, 발끝을 위로 들어올리는 동작(발목 배측굴곡)에서 수축이 확인됩니다.

비복근과 넙치근을 구별하는 핵심은 ""무릎을 펴고 촉지하는가, 굽히고 촉지하는가""의 차이이며, 이는 교재에서도 직접 질문으로 제시하는 핵심 포인트입니다."
33fe9ba6-00d1-4efe-b698-54f2d20af906,근육 촉지,quiz,극하근을 촉지할 때는 어깨관절을 외회전시킨 상태에서 팔꿈치를 위로 올리면 더 쉽게 찾을 수 있다.,극하근은 어깨관절을 외회전시킨 상태에서 팔꿈치를 위로 올리면 근육이 상대적으로 도드라져 더 쉽게 촉지할 수 있습니다.
815f4ac6-3d40-453b-9b4b-39999f6e4f53,근육 촉지,quiz,무릎을 굽힌 상태에서 까치발을 들었을 때 비복근보다 더 잘 느껴지는 종아리 근육은?,무릎을 굽히면 비복근의 개입이 줄어들어 그보다 깊은 넙치근의 수축을 더 잘 느낄 수 있습니다.
506d2411-0c77-423b-8409-fe01bd16144d,근육 촉지,quiz,대둔근은 한 발로 서는 동작에서 골반 안정화를 위해 가장 뚜렷하게 수축하는 근육이다.,한 발 서기에서 골반의 좌우 안정화를 담당하는 근육은 중둔근입니다. 대둔근은 주로 고관절 신전에 관여하는 근육입니다.
b22ca435-030a-4490-bce9-c08db46c4127,근육 촉지,exam,대퇴사두근 중 무릎 안쪽 바로 위에 위치하며 무릎을 완전히 펼 때 특히 두드러지는 근육은?,"내측광근(Vastus medialis)은 무릎 안쪽 바로 위에 위치하며, 무릎을 완전히 신전할 때 특히 뚜렷하게 활성화됩니다."
92bd68a0-760e-48e4-a268-07ca6eb88d40,근육 촉지,exam,"슬괵근 중 대퇴이두근은 넙다리 안쪽에, 반건양근·반막양근은 넙다리 바깥쪽에 위치한다.","실제로는 반대입니다. 대퇴이두근은 넙다리 뒤 바깥쪽, 반건양근·반막양근은 안쪽에 위치합니다."
4faf03da-10d5-4a29-9316-a52a317a8e51,근육 촉지,exam,다리를 옆으로 들어올리는 고관절 외전 동작에서 촉지로 확인할 수 있는 골반 앞가쪽의 근육은?,"대퇴근막장근(TFL)은 골반 앞가쪽에서 시작해 장경인대로 이어지며, 고관절 외전 동작에서 수축이 확인됩니다."
eb435a6c-123f-4b11-a911-deede4f74fec,근육 촉지,exam,근육을 촉지하기 전에는 먼저 강의자료를 기준으로 기시·정지점을 파악하는 것이 권장된다.,"교재에서 제시하는 근육 촉지 순서의 첫 단계는 강의자료 기준 기시·정지점 파악이며, 이후 위치를 따라 촉지하고 작용 동작으로 수축을 확인합니다."
6f6f82eb-ee8a-4f0f-8ca8-75f2d708c05f,근육 촉지,exam,발목관절 배측굴곡(발끝 들어올리기) 동작에서 정강이 앞쪽 바깥에서 촉지되는 근육은?,전경골근(Tibialis anterior)은 발목 배측굴곡 동작에서 정강이 앞쪽 바깥쪽에 수축이 확인되는 근육입니다.
43e95e82-9d17-4f49-ab79-9c8404fa90cd,관절 움직임 용어,lesson,기본 움직임 용어: Flexion/Extension,"굴곡(Flexion)은 관절을 구부려 두 뼈 사이의 각도가 줄어드는 움직임이고, 신전(Extension)은 관절을 펴서 그 각도가 다시 늘어나는 움직임입니다. 팔꿈치를 구부리는 동작, 다리를 앞으로 들어 올리는 고관절 굴곡, 무릎을 구부리는 슬관절 굴곡이 모두 Flexion의 예이며, 이들을 다시 펴는 동작이 각각의 Extension입니다. 정상적인 가동범위를 넘어서까지 신전이 일어나는 경우는 과신전(Hyperextension)이라 부르는데, 허리를 지나치게 뒤로 젖히는 동작이 대표적입니다.

이 움직임들은 시상면(Sagittal Plane)에서 일어나며, 전두축(Frontal Axis)을 중심으로 회전이 일어난다는 공통점이 있습니다.

발목 관절에서는 Flexion과 Extension이라는 이름 대신 별도의 용어를 사용합니다. 발끝을 정강이 쪽으로 당기는 움직임은 배측굴곡(Dorsiflexion), 발끝을 아래로 내리는 움직임은 저측굴곡(Plantarflexion)이라 부르며, 이 두 용어는 발목에서만 쓰입니다.

굴곡과 신전을 판단하는 기본 원칙은 해부학적 자세를 기준으로 관절 각도가 줄어들면 Flexion, 원래 각도로 돌아가거나 더 벌어지면 Extension이라는 것입니다. 다만 슬관절은 해부학적 자세에서 이미 완전히 펴진 상태이므로, 무릎을 구부리는 쪽이 Flexion이고 다시 펴는 쪽이 Extension이 됩니다. Flexion과 Extension은 필라테스 동작 대부분에서 등장하는 가장 기본적인 움직임 용어입니다."
e715285f-efd0-4845-b97c-0139a55ea6f3,관절 움직임 용어,lesson,기본 움직임 용어: Abduction/Adduction,"외전(Abduction)은 팔다리가 몸의 정중선에서 멀어지는 움직임이고, 내전(Adduction)은 반대로 정중선을 향해 가까워지는 움직임입니다. 팔을 옆으로 들어 올리는 어깨 외전, 다리를 옆으로 벌리는 고관절 외전이 대표적인 예이며, 벌어진 팔이나 다리를 다시 몸쪽으로 모으는 동작이 각각의 Adduction입니다. 이 움직임들은 관상면(Frontal Plane, Coronal Plane)에서 일어납니다.

몸통이나 목처럼 사지가 아닌 부위가 옆으로 구부러지는 움직임은 별도로 외측굴곡(Lateral Flexion)이라고 부릅니다. 목을 옆으로 기울이거나 몸통을 옆으로 구부리는 동작이 여기에 해당하며, 이 역시 관상면에서 일어납니다.

여기서 구분해야 할 점은, Abduction과 Adduction은 팔다리(사지)에 사용하는 용어이고, Lateral Flexion은 몸통이나 목처럼 사지가 아닌 체간 부위에 사용하는 용어라는 것입니다. 같은 관상면 움직임이라도 어느 부위의 움직임인지에 따라 부르는 이름이 달라진다는 점을 기억해두면 헷갈리지 않습니다."
ae836ab7-1ff8-43b3-8bbd-f13cd7113e78,관절 움직임 용어,lesson,"기본 움직임 용어: Rotation, Pronation/Supination","내회전(Internal Rotation)은 팔다리가 몸의 안쪽으로 돌아가는 움직임이고, 외회전(External Rotation)은 바깥쪽으로 돌아가는 움직임입니다. 어깨나 고관절처럼 여러 방향으로 움직일 수 있는 관절에서 팔이나 다리를 안쪽 또는 바깥쪽으로 돌릴 때 이 용어를 사용합니다.

전완(팔꿈치와 손목 사이 부위)에서는 회전을 표현할 때 다른 이름을 씁니다. 손바닥이 아래를 향하도록 돌리는 움직임을 회내(Pronation), 손바닥이 위를 향하도록 돌리는 움직임을 회외(Supination)라고 부릅니다. Rotation이 어깨나 고관절처럼 다축 관절 전반에 쓰이는 용어라면, Pronation과 Supination은 요골이 척골 위를 넘어가며 만들어내는 전완 특유의 움직임에만 쓰이는 용어라는 차이가 있습니다. 이 움직임들은 모두 횡단면(Transverse Plane)에서 일어납니다.

여기서 반드시 짚어야 할 부분은, Pronation이 어깨 관절 자체의 움직임이 아니라는 점입니다. 어깨 관절에서 가능한 움직임은 굴곡·신전, 외전·내전, 내회전·외회전, 수평외전·수평내전이며, 회내·회외는 어깨보다 아래쪽인 전완에서 일어나는 별개의 움직임입니다.

어깨의 내회전과 외회전은 회전근개(Rotator cuff)라는 네 개의 근육이 주로 담당하며, 이 근육들이 어깨 관절의 안정성을 유지하는 데도 핵심적인 역할을 합니다."
21658ce2-c18f-4139-8150-1ffd63fed96f,관절 움직임 용어,lesson,"특수 움직임 용어: 발목, 견갑골","발목 관절에는 배측굴곡·저측굴곡 외에도 발바닥이 옆으로 기우는 움직임이 있습니다. 발바닥이 몸의 안쪽을 향하도록 기울이는 움직임을 내번(Inversion), 바깥쪽을 향하도록 기울이는 움직임을 외번(Eversion)이라고 부릅니다.

견갑골(어깨뼈)도 여러 방향으로 움직이며, 각각 고유한 이름이 있습니다. 견갑골을 위로 올리는 움직임은 거상(Elevation), 아래로 내리는 움직임은 하강(Depression)이라 부릅니다. 견갑골을 앞으로 밀어내는 움직임은 전인(Protraction), 뒤로 당겨 날개뼈를 모으는 움직임은 후인(Retraction)이라 부릅니다. 또한 견갑골 아래쪽 끝(하각)이 바깥 위쪽으로 회전하면 상방회전(Upward Rotation), 안쪽 아래로 회전하면 하방회전(Downward Rotation)이라고 부릅니다.

이 견갑골의 움직임들은 견흉관절(Scapulothoracic joint)이라는 곳에서 일어나는데, 이 관절은 실제 뼈와 뼈가 만나는 해부학적 관절이 아니라 견갑골이 흉곽 위를 미끄러지듯 움직이는 기능적인 관절입니다. 그래서 '가짜 관절'이라고 부르기도 합니다.

여기서 자주 헷갈리는 부분이 하나 있는데, 하강(Depression)은 어깨 관절(Glenohumeral joint) 자체의 움직임이 아니라 견갑골의 움직임이라는 점입니다. 전인은 주로 전거근(Serratus anterior)이, 후인은 주로 능형근(Rhomboid)이 만들어내며, 이 두 근육의 작용을 함께 알아두면 이해가 쉬워집니다.

팔을 옆으로 들어 올릴 때는 어깨 관절과 견갑골이 따로 움직이는 것이 아니라 일정한 비율로 함께 움직입니다. 이를 견갑상완 리듬(Scapulohumeral rhythm)이라 부르는데, 대략 팔을 180도 들어 올리는 동안 어깨 관절이 120도, 견갑골의 상방회전이 60도를 담당하는 2대1 비율로 함께 움직입니다. 이런 협응이 잘 이루어지도록 견갑골을 안정시키는 것은 상지 운동을 지도할 때 가장 기본이 되는 부분입니다."
a79f5351-ff31-4b25-ba91-217141c3ff36,관절 움직임 용어,lesson,어깨 관절 vs 견갑골 움직임 구분,"어깨는 하나의 관절이 아니라 여러 관절이 모인 복합체이며, 그중 어느 관절의 움직임을 말하는지에 따라 사용하는 용어가 달라집니다.

어깨 관절(Glenohumeral joint, 상완골과 견갑골이 직접 만나는 관절)에서 일어나는 움직임은 굴곡·신전, 외전·내전, 내회전·외회전, 그리고 팔을 앞뒤로 수평하게 움직이는 수평외전·수평내전입니다.

이와 별개로 견갑골 자체가 흉곽 위에서 움직이는 견흉관절(Scapulothoracic joint)의 움직임으로는 거상·하강, 전인·후인, 상방회전·하방회전이 있습니다.

이 둘을 구분하지 못하면 '어깨 관절의 움직임이 아닌 것은?' 같은 유형의 문제에서 자주 틀리게 됩니다. 실제로 회내(Pronation)는 전완의 움직임이므로 어깨 관절의 움직임이 아니고, 하강(Depression)은 견갑골의 움직임이므로 이 역시 어깨 관절 자체의 움직임은 아닙니다. 이렇게 어느 관절에서 일어나는 움직임인지를 먼저 구분해두면, 비슷해 보이는 보기들 사이에서 정답을 훨씬 쉽게 골라낼 수 있습니다."
fddad111-932a-49a7-a138-cbb9923d3a2e,관절 움직임 용어,quiz,Dorsiflexion(배측굴곡)은 발끝을 정강이 쪽으로 당기는 발목 움직임이다.,"Dorsiflexion(배측굴곡)은 발등(dorsum) 방향으로의 움직임으로, 발끝을 정강이 쪽으로 당기는 것입니다. 반대로 Plantarflexion(저측굴곡)은 발바닥(plantar) 방향, 즉 발끝을 아래로 내리는 것입니다."
629c3462-a703-404a-81e8-056025d490d1,관절 움직임 용어,quiz,견갑골을 뒤로 당겨 날개뼈를 모으는 움직임은?,"Retraction(후인)은 견갑골을 척추 쪽으로 당기는 움직임으로, '날개뼈 모으기'라고도 합니다. Protraction(전인)은 반대로 견갑골을 앞으로 밀어내는 것입니다."
4e8591a9-21c0-4bfb-a516-67b9232c1c80,관절 움직임 용어,quiz,Pronation(회내)은 어깨 관절(Glenohumeral joint)에서 일어나는 움직임이다.,"Pronation(회내)은 전완(Forearm)의 움직임으로, 요골(Radius)이 척골(Ulna) 위를 넘어가며 손바닥을 아래로 향하게 합니다. 어깨 관절(Glenohumeral joint)의 움직임이 아닙니다. 어깨에서의 회전은 Internal/External Rotation입니다."
47efc914-d8ab-44af-8117-2d118768bec9,관절 움직임 용어,exam,다음 중 어깨 관절의 움직임이 아닌 것은?,"Pronation(회내)은 전완(Forearm)의 움직임이지 어깨 관절의 움직임이 아닙니다. 어깨 관절에서는 Flexion/Extension, Abduction/Adduction, Internal/External Rotation, Horizontal Abduction/Adduction이 일어납니다."
cf9295f8-4267-48c3-af8c-bc5a7821b106,관절 움직임 용어,exam,다음 중 어깨 관절의 움직임이 아닌 것은?,"Depression(하강)은 견갑골(Scapula)의 움직임이지 어깨 관절(Glenohumeral joint)의 움직임이 아닙니다. 견갑골의 움직임에는 Elevation/Depression, Protraction/Retraction, Upward/Downward Rotation이 있습니다."
cf993ff5-9c67-4c79-a323-83b54f417dc8,관절 움직임 용어,exam,다음은 Scapular(견갑골)의 어떤 움직임인가?,"이미지에서 견갑골이 아래 방향으로 내려가는 모습을 보여줍니다. Depression(하강)은 견갑골을 아래로 내리는 움직임입니다. 견갑거근(Levator scapula)의 반대 동작이며, 하부 승모근(Lower trapezius)이 관여합니다."
1e00e62e-762d-4f2d-b78c-6b43eeeb2bcc,관절 움직임 용어,exam,다음 중 관상면(Frontal Plane)에서 일어나는 움직임만으로 구성된 것은?,"관상면(Frontal/Coronal Plane)에서는 Abduction(외전), Adduction(내전), Lateral Flexion(외측굴곡), Inversion/Eversion(내번/외번)이 일어납니다.

보기 1: 시상면 움직임
보기 3: 횡단면 움직임
보기 4: 3개의 서로 다른 면 움직임 혼합"
04901c2c-04c0-4b74-b750-318faf624270,관절 움직임 용어,exam,발목에서 발바닥이 안쪽(Medial)을 향하게 기울이는 움직임은?,"Inversion(내번)은 발바닥이 안쪽(Medial)을 향하게 기울이는 움직임입니다. Eversion(외번)은 반대로 바깥쪽(Lateral)을 향하게 기울입니다.

Dorsiflexion은 발등 방향 구부림, Plantarflexion은 발바닥 방향 구부림으로, 내번/외번과는 다른 축의 움직임입니다."
cb10dd49-f987-4e54-bc29-c15b02e6325d,상완 근육,lesson,상완이두근과 상완삼두근,"상완이두근(Biceps brachii)은 이름처럼 두 개의 갈래(이두)로 시작하는 근육입니다. 장두는 견갑골의 관절상결절에서, 단두는 오훼돌기에서 각각 시작해 아래로 내려와 요골조면에 함께 정지합니다. 이 구조 덕분에 상완이두근은 팔꿈치를 구부리는 주관절 굴곡뿐 아니라, 견갑골을 지나 어깨까지 걸쳐 있어 어깨를 굽히는 견관절 굴곡에도 관여합니다.

상완삼두근(Triceps brachii)은 반대로 팔 뒤쪽에 위치하며, 세 개의 갈래(삼두)로 시작합니다. 장두는 관절하결절에서, 외측두와 내측두는 상완골 뒷면에서 각각 시작해 팔꿈치 뒤쪽의 주두돌기에 함께 정지합니다. 상완이두근과 마찬가지로 장두가 어깨를 지나가기 때문에, 상완삼두근은 팔꿈치를 펴는 주관절 신전과 함께 어깨를 펴는 견관절 신전에도 관여합니다.

이 두 근육은 팔꿈치 관절에서 서로 반대되는 역할을 하는 주동근-길항근 관계를 이룹니다. 팔꿈치를 구부릴 때는 이두근이 주동근으로 힘을 내고 삼두근이 길항근으로 이완되며, 반대로 팔꿈치를 펼 때는 삼두근이 주동근이 되고 이두근이 길항근이 됩니다. 이렇게 한 관절을 사이에 두고 정반대 역할을 주고받는 관계를 이해해두면, 팔 동작을 분석할 때 어느 근육이 힘을 쓰고 있는지 훨씬 쉽게 파악할 수 있습니다."
da8c4fda-48ad-4dda-8df9-a2c75f15d417,상완 근육,quiz,상완삼두근(Triceps brachii)의 주된 작용은 주관절 신전(Elbow extension)이다.,"상완삼두근의 작용은 주관절 신전(Elbow extension)과 견관절 신전(Shoulder extension)이며, 이 중 주관절 신전이 주된 작용입니다."
b6e46e58-b330-4e75-9fb8-b9c7cbf5696d,상완 근육,exam,다음 근육의 이름과 움직임(Action)을 고르시오.,이미지에서 상완 후면의 세 갈래 구조를 가진 근육은 상완삼두근(Triceps brachii)입니다. 삼두근의 작용은 주관절 신전(Elbow extension)입니다. 상완이두근(Biceps)은 팔 전면에 위치하며 주관절 굴곡이 작용입니다.
621e62b2-6981-4b6e-b42b-86973fa22ccc,회전근개와 삼각근,lesson,회전근개 Rotator Cuff 4개 근육,"회전근개(Rotator cuff)는 어깨 관절(GH joint)이 크게 움직이면서도 관절에서 빠지지 않도록 붙잡아주는 4개의 근육을 함께 부르는 이름입니다. 어깨는 소켓이 얕아 움직임의 폭이 넓은 대신 불안정하기 쉬운데, 이 4개 근육이 상완골머리를 관절와 쪽으로 계속 끌어당기면서 움직이는 내내 관절을 안정시켜 줍니다.

1. 극상근(Supraspinatus): 견갑골 위쪽의 극상와(Supraspinous fossa)에서 시작해 상완골의 대결절(Greater tubercle)에 붙으며, 팔을 옆으로 들어 올리는 견관절 외전(Shoulder abduction)을 만듭니다.
2. 극하근(Infraspinatus): 극하와(Infraspinatus fossa)에서 시작해 역시 대결절에 붙으며, 팔을 뒤로 펴거나(신전) 바깥으로 돌리는 외회전(External rotation)에 관여합니다.
3. 소원근(Teres minor): 견갑골 옆쪽 가장자리(액와연)에서 시작해 대결절에 붙으며, 극하근과 마찬가지로 신전과 외회전을 돕습니다.
4. 견갑하근(Subscapularis): 견갑골 앞면의 견갑하와(Subscapular fossa)에서 시작해 나머지 셋과 달리 소결절(Lesser tubercle)에 붙으며, 팔을 안쪽으로 돌리는 내회전(Internal rotation)을 만듭니다.

네 근육의 앞 글자를 따서 SITS(Supraspinatus, Infraspinatus, Teres minor, Subscapularis)라고 외우면 기억하기 쉽습니다. 부착 위치로 정리하면, 극상근·극하근·소원근 세 근육은 모두 대결절에 붙어 함께 외회전 계열을 담당하고, 견갑하근 하나만 소결절에 붙어 내회전을 담당하는 구조입니다.

여기서 반드시 주의할 점이 하나 있습니다. 이름이 비슷한 대원근(Teres major)은 회전근개에 포함되지 않습니다. 회전근개에 들어가는 것은 소원근(Teres minor)이며, 대원근은 전혀 다른 근육으로 광배근과 함께 어깨를 신전·내전·내회전시키는 역할을 합니다. 이름의 '대(major)'와 '소(minor)' 한 글자 차이 때문에 시험에서도 자주 혼동을 유도하는 부분이므로 주의가 필요합니다."
60605c11-b36f-4145-870f-b6c5e1d42d75,회전근개와 삼각근,lesson,삼각근 Deltoid,"삼각근(Deltoid)은 어깨를 둥글게 감싸는 근육으로, 섬유가 뻗어 나온 방향에 따라 전면, 중면, 후면 세 부분으로 나뉩니다. 세 부분 모두 상완골의 삼각근 조면(Deltoid tuberosity)이라는 같은 지점에 정지하지만, 시작하는 위치와 만들어내는 움직임은 서로 다릅니다.

전면 삼각근은 쇄골 바깥쪽 3분의 1 지점에서 시작해, 팔을 앞으로 들어 올리는 굴곡과 안쪽으로 돌리는 내회전, 그리고 팔을 앞으로 모으는 수평내전을 만듭니다. 중면 삼각근은 견봉 바깥쪽에서 시작해 팔을 옆으로 들어 올리는 외전을 주로 담당합니다. 후면 삼각근은 견갑극에서 시작해, 팔을 뒤로 뻗는 신전과 바깥으로 돌리는 외회전, 팔을 뒤로 벌리는 수평외전을 만듭니다.

팔을 옆으로 들어 올릴 때는 어깨 관절과 견갑골이 따로 움직이지 않고 일정한 비율로 함께 움직입니다. 이를 상완견갑리듬(Humeroscapular rhythm)이라 부르는데, 예를 들어 팔을 90도까지 외전시킬 때 어깨 관절 자체는 약 60도, 견갑골의 상방회전이 약 30도를 담당하는 2대1 비율로 나뉘어 움직입니다. 삼각근이 힘을 내는 동안 견갑골이 이렇게 함께 협응해주지 않으면, 팔을 완전히 들어 올리기 어렵거나 어깨에 무리가 갈 수 있습니다."
56388e09-e4e8-4b50-933e-1b4791387263,회전근개와 삼각근,quiz,대원근(Teres major)은 회전근개(Rotator cuff)에 포함된다.,"회전근개는 극상근(Supraspinatus), 극하근(Infraspinatus), 소원근(Teres minor), 견갑하근(Subscapularis)으로 구성됩니다. 대원근(Teres major)은 회전근개에 포함되지 않으며, 소원근(Teres minor)과 혼동하지 않도록 주의해야 합니다."
8458aa5a-5445-444d-8d00-29ab56039928,회전근개와 삼각근,quiz,견갑하근(Subscapularis)의 정지(Insertion)는?,"견갑하근의 정지는 소결절(Lesser tubercle)입니다. 나머지 세 근육인 극상근, 극하근, 소원근은 모두 대결절(Greater tubercle)에 부착합니다."
afbbbd47-2ed9-4ea5-985e-18bae7f4a5f9,회전근개와 삼각근,exam,다음 중 Rotator cuff (회전근개)를 모두 고르시오.,"회전근개는 극상근(Supraspinatus), 극하근(Infraspinatus), 소원근(Teres minor), 견갑하근(Subscapularis) 네 근육으로 구성됩니다. 대원근(Teres major)은 포함되지 않으므로, 보기 중 회전근개에 해당하는 것은 견갑하근, 극상근, 극하근입니다."
23b178eb-b2f7-44e9-9be4-9abc26a13d9b,회전근개와 삼각근,exam,다음 근육의 이름과 움직임은 무엇인가?,"이미지에서 견갑골 전면(앞쪽)에 위치한 근육은 견갑하근(Subscapularis)입니다. 견갑하근의 작용은 견관절 내회전(Shoulder internal rotation)이며, 견갑하와(Subscapular fossa)를 채우는 근육입니다."
b431351b-eb4c-4ad9-ac54-7ee007a58f6f,복근과 코어,lesson,복벽 근육,"복벽(Abdominal wall)은 네 개의 근육이 층을 이루며 구성됩니다. 가장 표면에 있는 근육은 복직근(Rectus abdominis)으로, 흔히 식스팩이라 불리는 이 근육은 제5~7번 늑연골과 검상돌기에서 시작해 치골에 붙으며, 몸통을 앞으로 구부리는 굴곡의 주동근 역할을 합니다.

복직근 아래로는 외복사근, 내복사근, 그리고 가장 깊은 층의 복횡근이 차례로 위치합니다. 외복사근과 내복사근은 둘 다 몸통 굴곡에 관여하지만 회전 방향이 서로 다른데, 오른쪽 외복사근이 수축하면 몸통이 왼쪽으로 회전하고, 오른쪽 내복사근이 수축하면 반대로 오른쪽으로 회전합니다. 즉 같은 쪽 복사근이라도 외측과 내측에 따라 회전 방향이 반대라는 점이 중요합니다.

가장 깊은 층에 있는 복횡근(Transverse abdominis)은 복부를 옆으로 감싸는 형태로 배치되어 있어, 마치 코르셋처럼 복부 전체를 조여주는 역할을 합니다. 이 근육이 수축하면 복압(Intra-abdominal pressure)이 높아지는데, 이렇게 높아진 복압은 허리를 안쪽에서부터 지지해주는 효과를 만들어냅니다. 이런 특성 때문에 복횡근은 표면의 세 근육과 달리 심부 코어를 이루는 핵심 근육 중 하나로 분류됩니다."
cf89358b-cdcd-4fa6-98fd-a16d6d1c3ae0,복근과 코어,lesson,Inner Core Muscles,"코어(Core)는 몸통 중심부를 지지하는 근육들을 통틀어 부르는 말인데, 그중에서도 척추에 가장 가까이 붙어 분절 하나하나를 미세하게 조절하는 네 개의 근육을 따로 묶어 이너 코어(Inner core)라고 부릅니다. 이 네 근육은 마치 상자처럼 몸통 중심을 앞뒤와 위아래에서 감싸며 척추를 안정화합니다. 복횡근이 앞면을, 다열근이 뒷면을, 횡격막이 윗면을, 골반기저근이 바닥면을 담당하는 구조입니다.

이 네 근육은 근방추의 밀도가 높아 미세한 자세 변화에도 빠르게 반응하며, 척추 분절을 하나하나 조율하는 데 특화되어 있습니다. 이런 특성 때문에 이들을 내재 안정근(Intrinsic stabilizer)이라고 부릅니다. 반면 복직근, 외복사근, 내복사근 같은 표층 복근이나 척추기립근, 요방형근, 대요근, 둔근처럼 몸통을 크게 움직이거나 힘을 내는 근육들은 외재 안정근(Extrinsic stabilizer)으로 따로 분류됩니다. 이 근육들도 복압을 높이고 허리를 안정시키는 데 확실히 도움이 되지만, 분절 단위의 미세 조절보다는 큰 힘을 내는 역할에 더 가깝습니다.

여기서 꼭 짚어야 할 부분은, 흔히 식스팩으로 알려진 복직근(Rectus abdominis)이 이너 코어에 포함되지 않는다는 점입니다. 복직근은 표층에 위치한 외재 안정근이며, 이너 코어 네 근육(복횡근, 다열근, 횡격막, 골반기저근)과는 역할과 위치가 다릅니다. 겉보기에는 둘 다 코어라는 이름으로 묶이지만, 실제로는 분절 조절을 담당하는 이너 코어와 큰 힘을 내는 외재 안정근이 서로 다른 역할을 나누어 맡고 있다고 이해하는 것이 정확합니다. 코어 전체는 결국 몸이 똑바로 선 자세에서 척추를 제어하고, 팔다리가 움직일 때 그 움직임의 기반이 되는 몸통에 안정성을 제공하는 역할을 합니다."
67189e6a-3210-4faa-b16c-6c254ade238e,복근과 코어,quiz,복직근(Rectus abdominis)은 Inner core muscle에 포함된다.,"Inner core는 복횡근, 다열근, 횡격막, 골반기저근 네 근육으로 구성됩니다. 복직근(Rectus abdominis)은 가장 표층에 위치한 복벽 근육으로 Inner core에 포함되지 않으며, 외재 안정근(Extrinsic stabilizer)으로 분류됩니다."
eed8dd90-d4b8-4ffa-b512-063bac940bab,복근과 코어,quiz,복직근(Rectus abdominis)의 주된 작용(Action)은?,"복직근의 주된 작용은 몸통 굴곡(Trunk flexion)입니다. 몸통 회전은 복사근이, 몸통 신전은 척추기립근이 주로 담당합니다."
122d2070-a74c-4063-b6e4-ce777a865ec9,복근과 코어,exam,Inner core muscle (속 코어근육)을 구성하는 근육을 모두 고르시오.,"Inner core(속 코어)는 복횡근(Transverse abdominis), 다열근(Multifidus), 횡격막(Diaphragm), 골반기저근(Pelvic floor muscles) 네 근육으로 구성됩니다. 보기에서 복직근(Rectus abdominis)은 표층에 위치한 외재 안정근이며 Inner core에 포함되지 않으므로, 정답은 횡격막, 골반기저근, 다열근입니다."
f9ff847f-7130-4c02-8844-4a5c17b02e1f,복근과 코어,exam,"다음 복벽 근육 중 가장 깊은 층에 위치하며, Inner core의 구성원인 근육은?","복벽 근육은 표면에서 깊은 층 순서로 복직근, 외복사근, 내복사근, 복횡근이 배치되어 있습니다. 이 중 가장 깊은 층에 있는 복횡근(Transverse abdominis)이 Inner core의 구성원입니다."
ea627362-cc6a-4f7f-8e9b-23a364c0d612,해부학적 자세와 기본 자세,lesson,해부학적 자세 (Anatomical Position)란?,"해부학적 자세(Anatomical Position)는 인체의 위치와 방향을 설명하기 위해 전 세계 의료·운동과학 분야가 공통으로 사용하는 표준 기준 자세입니다. 이 자세를 기준으로 삼아야 '위/아래', '안쪽/바깥쪽' 같은 방향 용어와 관절의 움직임을 누구나 같은 의미로 이해할 수 있습니다.

해부학적 자세는 다음 다섯 가지 조건을 모두 만족해야 합니다.

1. 몸을 똑바로 세운 직립 자세를 취합니다.
2. 시선은 정면을 바라봅니다.
3. 양팔은 몸통 옆에 자연스럽게 늘어뜨립니다.
4. 손바닥은 앞(전방)을 향하게 합니다.
5. 양 발은 약간 벌려 서로 평행하게 놓습니다.

이 중에서도 특히 주의해야 할 부분은 손바닥의 방향입니다. 팔을 그냥 몸 옆으로 자연스럽게 늘어뜨리면 손바닥은 보통 몸쪽을 향하게 되는데, 해부학적 자세에서는 전완(forearm)이 바깥쪽으로 살짝 돌아간 회외(supination) 상태를 기준으로 삼기 때문에 손바닥이 반드시 앞을 향해야 합니다. 만약 손바닥이 뒤나 옆을 향하고 있다면 그 자세는 해부학적 자세가 아닙니다.

이 기준은 실제 임상과 지도 현장에서도 그대로 쓰입니다. 예를 들어 회원의 좌우를 이야기할 때는 항상 회원 자신을 기준으로 한 오른쪽·왼쪽을 말하며, 필라테스 큐잉에서 '안쪽(medial)'이나 '바깥쪽(lateral)' 같은 표현을 쓸 때도 이 해부학적 자세를 기준점으로 삼아 방향을 판단합니다."
9254058f-7edd-4935-bf9f-c028508de574,해부학적 자세와 기본 자세,lesson,운동 기본 자세의 종류,"필라테스와 운동 지도 현장에서는 몇 가지 기본 자세를 정해진 이름으로 부르며, 이 이름들을 정확히 구분해서 쓰는 것이 큐잉의 기본입니다.

1. Supine position(앙와위, 바로 누운 자세): 등을 바닥에 대고 위를 보고 눕는 자세입니다.
2. Prone position(복와위, 엎드린 자세): 배를 바닥에 대고 엎드리는 자세입니다.
3. Side-lying position(측와위, 옆으로 누운 자세): 몸의 한쪽 면을 바닥에 대고 옆으로 눕는 자세입니다.
4. Quadruped position(네발기기 자세): 양손과 양 무릎, 네 지점으로 바닥을 짚는 자세입니다.
5. Kneeling position(무릎 꿇기 자세): 양 무릎으로 바닥을 짚고 상체는 곧게 세우는 자세입니다.
6. Standing position(기립 자세): 두 발로 서 있는 자세입니다.

이 중 Quadruped와 Kneeling은 이름이 비슷해 보이지만 실제로는 지지하는 지점 수가 다릅니다. Quadruped는 양손과 양 무릎, 총 네 지점으로 바닥을 짚는 반면 Kneeling은 양 무릎 두 지점만으로 지지하면서 상체를 곧게 세웁니다. 한쪽 무릎만 바닥에 대는 자세는 따로 Half-kneeling이라고 부릅니다.

각 자세에서 관절이 어떤 위치에 놓이는지도 함께 알아두면 동작을 분석할 때 도움이 됩니다. 예를 들어 Quadruped에서는 고관절과 슬관절이 모두 약 90도 굴곡된 상태이고, Kneeling에서는 고관절이 중립에서 약간 신전된 상태에 가깝습니다. Supine에서는 특별히 힘을 주지 않는 한 모든 관절이 중립 위치에 놓입니다.

자격시험에서는 사진 속 자세를 보고 정확한 명칭을 구분해내는 문제가 자주 출제되므로, 이름과 실제 자세를 짝지어 기억해두는 것이 중요합니다."
66a9092b-9cbc-4eff-9d94-db95e26783e1,해부학적 자세와 기본 자세,lesson,자세에 따른 관절 움직임 분석,"운동 자세를 정확히 분석하려면 그 자세에서 각 관절이 어떤 상태에 놓여 있는지를 하나씩 짚어낼 수 있어야 합니다. 이것이 동작 분석(Movement analysis)의 기초입니다.

예를 들어 Quadruped position(네발기기 자세)에서는 여러 관절이 동시에 특정 각도를 이루고 있습니다. 견관절(어깨)은 팔이 바닥을 짚기 위해 몸통에서 앞으로 약 90도 굴곡되어 있고, 주관절(팔꿈치)은 몸을 지탱하기 위해 곧게 펴진 신전 상태입니다. 아래쪽으로는 고관절과 슬관절이 각각 약 90도씩 굴곡되어 몸통과 허벅지, 허벅지와 정강이가 서로 직각에 가깝게 접혀 있습니다.

반면 Kneeling position(무릎 꿇기 자세)에서는 고관절이 중립에서 약간 신전된 상태이고, 슬관절은 완전히 굴곡되어 있으며, 발목은 발끝이 아래로 향한 저측굴곡 상태가 됩니다.

동작을 분석해서 기록할 때는 '어떤 관절이 어떤 움직임 상태인지'를 짝지어 표현하는 습관이 중요합니다. 예를 들어 '오른쪽 고관절 굴곡'처럼 방향과 관절명, 움직임을 함께 적어야 정확한 분석이 됩니다.

실제로는 하나의 동작 안에서 여러 관절의 움직임이 동시에 일어나는 경우가 대부분입니다. 런지(Lunge) 동작을 예로 들면, 앞다리는 고관절과 슬관절이 함께 굴곡되고 뒷다리는 고관절이 신전되면서 발목이 배측굴곡되는 등, 여러 관절의 움직임이 한 번에 조합되어 나타납니다. 이런 식으로 자세 하나를 여러 관절의 조합으로 나누어 보는 연습이 실기시험 대비에도 그대로 활용됩니다."
c1db5d69-3d46-475f-b0e3-5ea56102f214,해부학적 자세와 기본 자세,quiz,해부학적 자세에서 손바닥은 몸의 앞쪽(전방)을 향한다.,"해부학적 자세에서 손바닥은 반드시 앞(전방)을 향합니다. 이는 전완의 회외(supination) 상태를 기준으로 잡기 위함입니다. 일상에서 팔을 자연스럽게 내리면 손바닥이 몸쪽을 향하지만, 해부학적 자세에서는 앞을 향해야 합니다."
33cfc93d-9bc3-4dfb-ab5b-b5edbf4070df,해부학적 자세와 기본 자세,quiz,Quadruped position(네발기기 자세)에서 고관절은 신전(Extension) 상태이다.,"Quadruped position에서 고관절은 약 90° 굴곡(Flexion) 상태입니다. 엉덩이가 무릎 위에 위치하므로 고관절이 접혀 있는 상태입니다. 신전(Extension)은 고관절이 펴지는 것으로, Kneeling이나 Standing 자세에서의 상태입니다."
a90d1bb7-b052-4e17-8bc3-45944c18a958,해부학적 자세와 기본 자세,quiz,다음 중 해부학적 자세에 대한 설명으로 올바른 것은?,"해부학적 자세는 직립, 정면 주시, 양팔은 몸통 옆에 자연스럽게 내리고, 손바닥은 앞(전방)을 향하며, 양 발은 약간 벌려 평행하게 놓은 자세입니다."
48b4130b-f574-4276-b36c-edeb4c4a7d9f,해부학적 자세와 기본 자세,exam,해부학적 자세(Anatomical Position)에 대한 설명으로 옳은 것을 모두 포함한 보기는?,"해부학적 자세는 몸을 곧게 세우고 정면을 바라보며, 양팔은 몸통 옆에 자연스럽게 내리고, 손바닥은 앞을 향하며, 양 발은 살짝 벌려 평행하게 놓는 자세입니다. 보기 중 손바닥이 몸쪽을 향하거나 뒤를 향한다고 설명하는 것, 그리고 정면이 아닌 옆을 본다고 설명하는 것은 모두 이 조건에서 벗어나므로 오답입니다."
75c325d6-0740-452a-9050-1bf653b4d81c,해부학적 자세와 기본 자세,exam,"다음은 어떤 자세이며, 고관절(Hip)의 움직임은 무엇인가?",이미지에서 양 손과 양 무릎이 바닥에 있으므로 Quadruped position(네발기기 자세)입니다. 이 자세에서 고관절은 약 90° 굴곡(Flexion) 상태입니다. Kneeling은 무릎만 바닥에 닿고 상체가 직립한 자세입니다.
6d1081ec-5dd0-45a5-a473-cac7316bdc24,해부학적 자세와 기본 자세,exam,다음 중 Prone position(복와위)에 대한 설명으로 올바른 것은?,Prone = 엎드린(복와위). Supine = 바로 누운(앙와위). Side-lying = 옆으로 누운(측와위). Kneeling = 무릎 꿇기.
4717774f-49ed-447f-ab7c-dd2eb1b61323,자세평가 실습,lesson,자세평가 실습 절차 개요,"자세평가 실습은 앞서 배운 이론(이상적 정렬, Kendall 4체형, 골반·하지 정렬 평가 기준)을 실제 회원에게 적용해보는 단계입니다. 이 단계에서는 체크리스트를 활용해 다음 순서로 진행하는 것을 권장합니다.

1. 전면·측면·후면 순서로 사진을 찍거나 육안으로 관찰한다.
2. 머리부터 발까지 위에서 아래로 순서대로 각 분절의 정렬을 확인한다.
3. 이상적 정렬 기준과 비교하여 벗어난 부분을 체크리스트에 기록한다.
4. 기록한 내용을 바탕으로 Kendall 4체형 중 가장 가까운 패턴이 있는지 참고하되, 반드시 하나의 유형에 끼워 맞추려 하지 않는다.

실습은 이미지(사진) 기반 관찰이 중심이 되므로, 실제 실습 시에는 동일한 조건(같은 거리, 같은 조명, 같은 자세 지시)에서 촬영해 비교의 신뢰도를 높이는 것이 중요합니다."
661c535f-6168-43b9-a38a-3625a1e62115,자세평가 실습,lesson,체크리스트 활용 시 주의점,"체크리스트를 활용한 자세평가 실습에서는 다음을 주의해야 합니다.

1. 하나의 항목만 보고 전체 자세를 단정하지 않는다 — 예를 들어 골반 전방경사만 보고 척추전만 자세라고 바로 단정하기보다, 경추·흉추·무릎·발목까지 체크리스트 전체를 확인한다.
2. 좌우 비교를 항상 함께 기록한다 — 한쪽만 관찰하면 비대칭을 놓칠 수 있다.
3. 실습 결과는 회원에게 ""문제""로 전달하기보다 ""현재 상태""로 전달한다 — 앞서 배운 것처럼 이상적 정렬은 절대적 정답이 아니라 비교 기준선이기 때문이다.

체크리스트는 결국 회원의 현재 상태를 있는 그대로 기록해 이후 변화를 추적하기 위한 도구라는 점을 실습 내내 기억해야 합니다."
52f65470-49cb-4bdc-8cb5-0db0fba8fdc8,자세평가 실습,quiz,자세평가 실습에서는 골반 전방경사 하나만 확인되면 척추전만 자세로 즉시 단정해도 된다.,"하나의 항목만으로 전체 자세 유형을 단정해서는 안 되며, 경추부터 발목까지 체크리스트 전체를 확인해야 합니다."
3a97c527-0ef1-43cd-9d6a-e57d8d461201,자세평가 실습,exam,자세평가 실습 시 촬영 조건에 대한 설명으로 가장 적절한 것은?,같은 조건(거리·조명·자세 지시)에서 촬영해야 이전 평가와 비교했을 때 신뢰도 있는 변화 추적이 가능합니다.
9bb8f94e-24c8-41c6-b204-006ac86e8626,자세평가 실습,exam,자세평가 실습 결과는 회원에게 '문제'가 아니라 '현재 상태'로 전달하는 것이 권장된다.,"이상적 정렬은 절대적 정답이 아니라 비교를 위한 기준선이므로, 평가 결과는 문제로 낙인찍기보다 현재 상태로 전달하는 것이 바람직합니다."
ba24c93a-c03d-4f9b-b57f-e88d7a727676,고관절 내전근과 대퇴사두근,lesson,고관절 내전근군 6개,"고관절 내전근(Hip adductors)은 대퇴 안쪽에 위치한 여섯 개의 근육으로 구성됩니다. 치골근, 대내전근, 장내전근, 단내전근, 소내전근, 박근이 여기에 속하며, 이 중 박근을 제외한 다섯 개는 모두 치골 부위에서 시작해 대퇴골 뒤쪽의 조선(Linea aspera)에 정지합니다. 치골근, 장내전근, 단내전근, 소내전근은 고관절 굴곡과 내전, 외회전을 함께 만들고, 대내전근은 굴곡 없이 내전과 외회전만 담당합니다.

박근(Gracilis)은 이 그룹에서 유일하게 특별한 위치를 가진 근육입니다. 다른 내전근들과 달리 무릎 아래까지 길게 내려가 거위발건(Pes anserinus)에 부착하기 때문에, 고관절 내전뿐 아니라 슬관절 굴곡과 내회전에도 함께 관여합니다.

여기서 반드시 구분해야 할 근육이 하나 있습니다. 봉공근(Sartorius)은 대퇴 안쪽을 비스듬히 지나가기 때문에 내전근처럼 보이기 쉽지만, 실제 작용은 고관절 굴곡, 외전, 외회전으로 내전근군과는 정반대의 외전 작용을 만듭니다. 따라서 고관절 내전근을 모두 고르는 문제에서 봉공근이 보기로 나온다면, 위치만 보고 고르지 말고 실제 작용을 기준으로 판단해야 합니다."
829b4477-7ac3-493f-8aa1-ba1b9f0a428e,고관절 내전근과 대퇴사두근,lesson,봉공근과 대퇴사두근,"봉공근(Sartorius)은 전상장골극(ASIS)에서 시작해 경골 안쪽 위쪽에 붙는, 인체에서 가장 긴 근육입니다. 고관절의 굴곡, 외전, 외회전과 슬관절의 굴곡, 내회전까지 두 관절에 걸쳐 여러 움직임을 동시에 만들어내며, 다리를 꼬아 앉는 동작에서 특히 활성화되기 때문에 재봉사 근육이라는 별명으로도 불립니다.

대퇴사두근(Quadriceps femoris)은 대퇴 앞쪽을 이루는 네 개의 근육으로, 대퇴직근, 내측광근, 외측광근, 중간광근으로 구성됩니다. 네 근육 모두 슬개건을 통해 경골조면에 정지하며, 무릎을 펴는 슬관절 신전을 공통으로 담당합니다.

이 네 근육 중에서 대퇴직근만 특별한 위치를 가집니다. 나머지 세 광근은 모두 대퇴골에서만 시작하는 반면, 대퇴직근은 전하장골극(AIIS)에서 시작해 고관절 위쪽까지 걸쳐 있습니다. 이 덕분에 대퇴직근은 슬관절 신전뿐 아니라 고관절 굴곡에도 함께 관여하는 유일한 대퇴사두근입니다. 이렇게 기시 위치가 어느 관절을 지나는지를 보면, 그 근육이 몇 개의 관절에 작용하는지를 유추할 수 있습니다."
98ecfb1f-e360-4b7c-bca7-4ca88ecd982f,고관절 내전근과 대퇴사두근,quiz,봉공근(Sartorius)은 고관절 내전근(Hip adductor)에 속한다.,"봉공근의 작용은 고관절 굴곡, 외전, 외회전입니다. 내전이 아닌 외전근이며, 이름과 대퇴 내측을 지나가는 위치 때문에 내전근으로 오해하기 쉽지만 실제로는 외전근입니다."
f967e459-7c0e-45bb-8da5-4483a674357e,고관절 내전근과 대퇴사두근,quiz,대퇴사두근 4개 중 유일하게 고관절 굴곡(Hip flexion)에도 관여하는 근육은?,"대퇴직근은 AIIS(전하장골극)에서 기시하여 고관절 위쪽을 지나가기 때문에, 작용에 고관절 굴곡이 포함됩니다. 나머지 세 광근은 대퇴골에서만 기시하여 슬관절 신전만 담당합니다."
ecca2758-d04f-4858-ad05-c3ce5d9a60ea,고관절 내전근과 대퇴사두근,exam,Hip adductor (고관절 내전근)를 모두 고르시오.,"고관절 내전근은 치골근, 대내전근, 장내전근, 단내전근, 소내전근, 박근으로 구성됩니다. 보기 중 단내전근, 장내전근, 박근은 내전근에 해당하지만, 봉공근(Sartorius)은 외전근으로 분류되어 내전근이 아닙니다."
6dcaa472-351a-4ab8-9bb9-7e9577118d71,"대흉근, 광배근, 대원근",lesson,광배근과 대원근,"광배근(Latissimus dorsi)은 흉추 7번부터 장골능까지 이어지는 흉요건막, 하부 3~4번 늑골, 그리고 견갑골 하각에서 폭넓게 시작해 상완골의 이두근구에 정지하는 근육입니다. 등 전체를 덮을 만큼 넓게 펼쳐져 있어 인체에서 가장 넓은 근육으로 꼽히며, 실제로 Lat이라는 이름 자체가 넓다는 뜻에서 나왔습니다. 이 근육은 어깨를 뒤로 펴는 신전, 몸쪽으로 모으는 내전, 안쪽으로 돌리는 내회전을 만듭니다.

대원근(Teres major)은 광배근보다 훨씬 작은 근육으로, 견갑골 하각에서만 시작해 상완골 이두근구의 안쪽 순면에 정지합니다. 시작 지점은 광배근과 겹치지만 훨씬 좁은 범위에서만 시작한다는 점이 다릅니다.

흥미로운 점은 두 근육이 만드는 작용이 완전히 동일하다는 것입니다. 광배근과 대원근 모두 신전, 내전, 내회전을 함께 만들어내기 때문에, 실제 동작에서 마치 한 팀처럼 같은 방향으로 함께 움직여 흔히 짝꿍 근육이라고 불립니다. 등에서 팔을 아래로 당기는 동작이나 팔을 몸통 쪽으로 붙이는 동작에서 이 두 근육이 함께 강하게 작용하는 것을 떠올리면 이해하기 쉽습니다."
19e70b5b-b480-430f-9ff6-47da4663e0f9,"대흉근, 광배근, 대원근",lesson,대흉근 Pectoralis Major,"대흉근(Pectoralis major)은 가슴 앞쪽을 넓게 덮는 근육으로, 시작하는 위치에 따라 두 갈래로 나뉩니다. 쇄골두는 쇄골 안쪽 절반에서 시작하고, 흉골두는 흉골과 위쪽 6개 늑연골에서 시작합니다. 두 갈래 모두 상완골의 이두근구 바깥쪽 가장자리에 함께 모여 정지합니다.

대흉근이 만드는 움직임은 어깨의 내회전, 내전, 그리고 팔을 가슴 앞으로 모으는 수평내전입니다. 팔굽혀펴기나 벤치프레스처럼 팔을 앞으로 밀어내는 동작에서 대흉근이 강하게 작용하는 것을 떠올리면 이해하기 쉽습니다.

대흉근은 등 쪽에 있는 광배근과 자주 비교되는 근육입니다. 두 근육 모두 내회전과 내전이라는 공통 작용을 가지고 있지만, 나머지 한 가지 움직임에서 차이가 납니다. 대흉근은 팔을 앞으로 모으는 수평내전을 추가로 만드는 반면, 광배근은 팔을 뒤로 당기는 신전을 추가로 만듭니다. 즉 위치는 가슴과 등으로 정반대이지만, 공통된 두 움직임과 서로 다른 한 가지 움직임을 각각 나누어 담당한다고 이해하면 두 근육의 관계가 명확해집니다."
50d74787-8e0f-4ebb-849d-05006bd901b2,"대흉근, 광배근, 대원근",quiz,광배근(Latissimus dorsi)의 Action에 포함되지 않는 것은?,"광배근의 작용은 신전, 내전, 내회전입니다. 외전(Abduction)은 광배근의 작용에 포함되지 않으며, 외전은 주로 삼각근 중면과 극상근이 담당합니다."
793be6d8-cc65-4c2d-811f-12ca616d763b,"대흉근, 광배근, 대원근",exam,"견관절 신전(Extension), 내전(Adduction), 내회전(Internal rotation)을 모두 수행하는 근육은?","광배근의 작용은 신전, 내전, 내회전이며, 대원근도 동일한 작용을 만듭니다. 삼각근 전면은 굴곡·내회전·수평내전을, 극상근은 외전을, 전거근은 견갑골 전인을 담당합니다."
4f99649c-94a5-4531-a812-349209e96238,상지골,lesson,상지대와 자유상지골,"상지골은 크게 두 부분으로 나눌 수 있습니다. 몸통과 팔을 연결하는 상지대(Shoulder girdle)와, 실제 팔 자체를 이루는 자유상지골(Free upper limb)입니다.

상지대는 쇄골(Clavicle)과 견갑골(Scapula) 두 뼈로 이루어집니다. 쇄골은 S자 모양으로 흉골과 견갑골을 연결하고, 견갑골은 삼각형 모양의 편평골로 등 뒤쪽에 위치합니다.

자유상지골은 상완골(위팔뼈), 요골과 척골(아래팔뼈), 그리고 손을 이루는 수근골·중수골·수지골로 구성됩니다. 특히 요골과 척골의 위치를 구분하는 것이 중요한데, 해부학적 자세에서 요골은 엄지 쪽인 바깥(Lateral)에, 척골은 새끼손가락 쪽인 안쪽(Medial)에 위치합니다. 손바닥을 아래로 돌리는 회내(Pronation) 동작을 하면 요골이 척골 위를 가로질러 넘어가면서 이 둘의 위치 관계가 바뀌는 것을 관찰할 수 있습니다.

쇄골은 인체에서 가장 먼저 뼈로 굳는(골화되는) 뼈이면서도 동시에 가장 자주 부러지는 뼈이기도 합니다. S자 형태로 상지 전체와 흉곽을 이어주는 동시에, 견갑골이 움직일 때 그 경로를 안내하는 역할도 함께 담당합니다."
cb3d31ee-f1a7-453a-ac76-0710d5b10e60,상지골,lesson,상지골의 Bony Landmark,"Bony landmark(뼈 표지)는 근육이 부착하는 지점이나 몸 위에서 손으로 짚어 확인(촉진)할 수 있는 뼈의 특징적인 돌출부를 말합니다. 상지에서 자주 등장하는 랜드마크를 정리하면 다음과 같습니다.

쇄골에는 두 개의 끝이 있는데, 흉골 쪽 끝을 흉골단(Sternal end), 견갑골 쪽 끝을 견봉단(Acromial end)이라 부릅니다.

견갑골에는 여러 랜드마크가 있습니다. 어깨 가장 위쪽에서 만져지는 견봉(Acromion), 갈고리 모양으로 휘어진 오훼돌기(Coracoid process, 소흉근과 상완이두근이 붙는 자리), 등 뒤쪽을 가로지르는 견갑극(Spine, 승모근이 붙는 자리), 그리고 상완골두가 들어가 관절을 이루는 얕은 홈인 관절와(Glenoid fossa)가 있습니다.

상완골에도 중요한 랜드마크가 있습니다. 대결절(Greater tubercle)에는 극상근, 극하근, 소원근이 붙고, 소결절(Lesser tubercle)에는 견갑하근이 붙으며, 삼각근 조면(Deltoid tuberosity)에는 삼각근이 붙습니다.

여기서 회전근개의 부착 위치를 정리해두면 이해가 쉽습니다. 극상근, 극하근, 소원근은 모두 대결절에 붙어 외회전을 담당하고, 견갑하근만 소결절에 붙어 내회전을 담당합니다. 이렇게 근육이 뼈의 어느 지점에 붙는지를 알아두면, 그 근육이 어떤 움직임을 만들어내는지도 자연스럽게 유추할 수 있습니다."
fbebcd05-eee9-404b-bdee-1ef57239ab10,상지골,lesson,흉골과 흉곽,"흉골(Sternum)은 가슴 정중앙에 위치한 편평골로, 위에서부터 흉골병(Manubrium), 흉골체(Body), 검상돌기(Xiphoid process) 세 부분으로 나뉘며 쇄골, 늑골과 관절을 이룹니다.

흉골과 늑골, 흉추가 함께 이루는 구조를 흉곽(Thoracic cage)이라 부르며, 심장과 폐를 보호하는 역할을 합니다. 늑골은 총 12쌍이 있는데, 흉골에 직접 연결되는 1번부터 7번까지는 진늑골(True ribs), 7번 늑골의 연골에 간접적으로 연결되는 8번부터 10번까지는 가늑골(False ribs), 앞쪽으로 아무 데도 연결되지 않고 떠 있는 11번과 12번은 부유늑골(Floating ribs)이라 부릅니다.

흉곽은 단순히 보호 기능만 하는 것이 아니라 호흡과도 밀접하게 연결됩니다. 필라테스에서 강조하는 흉곽 호흡(Lateral breathing)은 숨을 들이쉴 때 흉곽을 옆으로 확장시키는 호흡법이며, 반대로 늑골이 과도하게 벌어지거나 앞으로 튀어나오는 Rib flare 현상은 코어가 불안정하다는 신호로 해석됩니다. 또한 흉골은 견갑골의 전인(Protraction)과 후인(Retraction) 움직임을 판단할 때 기준점 역할도 합니다."
cc8acc04-9eff-4fa7-9129-8dd5e0903787,상지골,quiz,해부학적 자세에서 요골(Radius)은 전완의 안쪽(Medial)에 위치한다.,"해부학적 자세에서 요골(Radius)은 전완의 바깥쪽(Lateral, 엄지 쪽)에 위치합니다. 안쪽(Medial, 새끼 쪽)에 있는 것은 척골(Ulna)입니다."
5e5c7a1b-75dc-40ad-b958-a7f7d40648e8,상지골,quiz,쇄골(Clavicle)이 연결하는 두 뼈는?,"쇄골(Clavicle)은 안쪽 끝(흉골단)에서 흉골(Sternum)과, 바깥 끝(견봉단)에서 견갑골의 견봉(Acromion)과 관절을 이룹니다. 이를 각각 흉쇄관절(SC joint)과 견쇄관절(AC joint)이라 합니다."
14523030-ff17-4627-84ce-d2745b36a4c6,상지골,exam,다음 중 하이라이트 된 뼈의 이름은?,이미지에서 하이라이트 된 뼈는 흉골에서 어깨 방향으로 뻗은 S자 형태의 쇄골(Clavicle)입니다. 쇄골은 상지와 체간을 연결하는 유일한 뼈입니다.
1964a593-da33-4b53-b189-40e8389137cb,상지골,exam,다음 중 하이라이트 된 뼈의 이름은?,"이미지에서 하이라이트 된 뼈는 가슴 정중앙에 위치한 흉골(Sternum)입니다. 흉골은 편평골(Flat bone)로 흉골병, 흉골체, 검상돌기의 3부분으로 구성됩니다."
738e570e-0ce5-4e68-8299-9d9bd05378c4,상지골,exam,견갑골의 관절와(Glenoid fossa)와 관절을 이루는 뼈는?,"견갑골의 관절와(Glenoid fossa)에 상완골두(Head of humerus)가 들어가 어깨 관절(Glenohumeral joint, 상완와관절)을 형성합니다. 이 관절은 Ball & Socket type으로 다축 움직임이 가능합니다."
25666a63-4303-4f27-8243-9293c75f0e67,해부학적 면과 축,lesson,해부학적 면 (Anatomical Planes)의 개념,"해부학적 면(Plane)은 인체를 가상의 평평한 면으로 잘라서 그 단면을 기준으로 위치와 움직임을 설명하기 위한 개념입니다. 인체를 나누는 방향에 따라 세 가지 기본 면으로 나뉩니다.

1. 시상면(Sagittal Plane): 인체를 좌우로 나누는 면입니다.
2. 전두면 또는 관상면(Frontal Plane, Coronal Plane): 인체를 앞과 뒤로 나누는 면입니다.
3. 횡단면 또는 수평면(Transverse Plane, Horizontal Plane): 인체를 위와 아래로 나누는 면입니다.

여기서 반드시 기억해야 할 점은, Frontal Plane과 Coronal Plane은 서로 다른 면이 아니라 같은 면을 부르는 두 가지 이름이라는 것입니다. 마찬가지로 Transverse Plane과 Horizontal Plane도 같은 면을 가리키는 동의어입니다. 시험에서는 이 두 쌍의 용어를 마치 서로 다른 보기처럼 나열해 혼동을 유도하는 경우가 있으므로, 이름이 다르다고 해서 다른 면이라고 착각하지 않도록 주의해야 합니다.

각 면은 그 면에 수직인 축(Axis)을 중심으로 회전 움직임이 일어난다는 특징도 함께 이해해두면 좋습니다. 시상면에서 일어나는 움직임은 전두축을 중심으로, 전두면에서 일어나는 움직임은 시상축을 중심으로, 횡단면에서 일어나는 움직임은 수직축을 중심으로 돌아갑니다. 즉 면과 축은 서로 수직 관계를 이루며, 어떤 동작이 어느 면에서 일어나는지를 알면 그 동작이 어느 축을 중심으로 도는지도 함께 파악할 수 있습니다."
bb5c925f-d822-45d5-b2c0-615d64f17c07,해부학적 면과 축,lesson,시상면 (Sagittal Plane),"시상면(Sagittal Plane)은 인체를 왼쪽과 오른쪽으로 나누는 수직면입니다. 정확히 좌우 대칭이 되도록 정중앙을 지나는 면은 정중시상면(Midsagittal Plane, Median Plane)이라 부르고, 정중앙에서 벗어나 좌우 어느 한쪽에 치우쳐 지나는 면은 방시상면(Parasagittal Plane)이라 부릅니다.

시상면에서 일어나는 움직임은 몸을 앞뒤로 구부리고 펴는 동작들입니다. 대표적으로 굴곡(Flexion)과 신전(Extension)이 있고, 발목에서는 이를 배측굴곡(Dorsiflexion)과 저측굴곡(Plantarflexion)이라는 별도의 이름으로 부릅니다.

일상 동작과 연결해서 생각하면 이해하기 쉽습니다. 팔꿈치를 구부리는 동작, 스쿼트처럼 무릎과 고관절을 굽혔다 펴는 동작, 걸을 때 팔다리가 앞뒤로 흔들리는 움직임은 모두 시상면에서 일어나는 대표적인 예시입니다."
398c0970-c1f1-4d56-8aa3-d81d73bd40b5,해부학적 면과 축,lesson,관상면/전두면 (Frontal/Coronal Plane),"관상면(Frontal Plane, Coronal Plane)은 인체를 앞과 뒤로 나누는 수직면입니다. 이름이 두 가지이지만 가리키는 면은 완전히 동일하므로, 두 용어를 마주치면 서로 다른 것이 아니라 같은 면의 다른 표현이라는 점을 먼저 떠올려야 합니다.

관상면에서 일어나는 움직임은 몸의 정중선을 기준으로 옆으로 벌어지거나 모이는 동작, 또는 몸통이 옆으로 기우는 동작입니다. 대표적으로 외전(Abduction, 정중선에서 멀어짐)과 내전(Adduction, 정중선으로 가까워짐)이 있고, 몸통이나 목이 옆으로 구부러지는 외측굴곡(Lateral Flexion), 발목이 안쪽 또는 바깥쪽으로 기우는 내번(Inversion)과 외번(Eversion)도 이 면에서 일어납니다.

예를 들어 팔을 옆으로 들어 올리는 동작(어깨 외전)이나 몸통을 옆으로 기울이는 동작은 모두 관상면에서 일어나는 움직임입니다. 시험에서는 Frontal Plane과 Coronal Plane을 각각 별개의 보기로 나열해 혼동을 유도하는 경우가 있으므로, 두 용어가 동시에 등장하면 그중 하나는 정답이 될 수 없는 함정이라는 점을 기억해두면 좋습니다."
73b49e2f-d3d2-4e10-9739-7dff593b46db,해부학적 면과 축,lesson,횡단면/수평면 (Transverse/Horizontal Plane),"횡단면(Transverse Plane, Horizontal Plane)은 인체를 위와 아래로 나누는 수평면입니다. 이 역시 이름이 두 가지이지만 같은 면을 가리키는 동의어입니다.

횡단면에서 일어나는 움직임은 모두 회전(Rotation) 계열입니다. 몸의 안쪽으로 도는 내회전(Internal Rotation)과 바깥쪽으로 도는 외회전(External Rotation), 전완에서 손바닥이 아래를 향하도록 도는 회내(Pronation)와 위를 향하도록 도는 회외(Supination), 그리고 팔을 앞뒤로 수평하게 움직이는 수평외전·수평내전(Horizontal Abduction/Adduction)이 모두 이 면에서 일어납니다.

고개를 좌우로 돌리는 동작, 몸통을 비트는 동작, 어깨를 안쪽이나 바깥쪽으로 돌리는 동작은 모두 횡단면에서 일어나는 대표적인 움직임입니다. 수직으로 세워진 축을 중심으로 돌아가는 움직임이라면 대부분 횡단면 움직임이라고 이해하면 쉽습니다."
c2ff4fad-e808-428f-9db1-1c3bdc4a6893,해부학적 면과 축,quiz,Frontal Plane(전두면)과 Coronal Plane(관상면)은 서로 다른 면이다.,Frontal Plane(전두면)과 Coronal Plane(관상면)은 같은 면의 다른 이름입니다. 둘 다 인체를 전(앞)과 후(뒤)로 나누는 수직면을 가리킵니다. 시험에서 이 두 용어를 별도 선지로 제시하여 혼동을 유도하므로 주의해야 합니다.
6f8563d0-0f15-4c72-a370-d5fd30dc0ff7,해부학적 면과 축,quiz,팔꿈치를 구부리는 Elbow Flexion 동작은 어떤 면에서 일어나는 움직임인가?,"Flexion(굴곡)과 Extension(신전)은 시상면(Sagittal Plane)에서 일어나는 움직임입니다. 시상면은 인체를 좌우로 나누며, 앞뒤로 구부리고 펴는 동작이 이 면에서 발생합니다."
af4f7f5f-0189-46a5-8e51-4eeb9c7a184d,해부학적 면과 축,quiz,어깨를 옆으로 들어올리는 Shoulder Abduction은 어떤 면에서 일어나는 움직임인가?,"Abduction(외전)과 Adduction(내전)은 관상면(Frontal/Coronal Plane)에서 일어나는 움직임입니다. 관상면은 인체를 전후로 나누며, 좌우로 벌리고 모으는 동작이 이 면에서 발생합니다."
521fdfb2-927a-4a48-8374-4e62c022c808,해부학적 면과 축,exam,다음은 어떤 면을 나타낸 그림인가?,"그림은 인체를 좌우로 나누는 시상면(Sagittal Plane)을 보여줍니다. 보기 1번 Frontal Plane(전두면)과 3번 Coronal Plane(관상면)은 같은 면의 다른 이름이므로, 두 보기 모두 정답이 될 수 없습니다(하나만 정답인 문제에서 같은 면이 2개면 둘 다 오답). 이것이 시험의 출제 의도입니다."
f752ab52-0001-4184-847f-b80b8574f769,해부학적 면과 축,exam,다음은 어떤 면에서 신체를 관찰하는 것인가?,"그림은 인체의 측면(옆모습)에서 관찰하는 시상면(Sagittal Plane)을 보여줍니다. 보기 1번 Frontal Plane과 3번 Coronal Plane은 모두 '관상면'이라는 같은 뜻의 한국어 번역이 적혀 있어, 둘 다 같은 면을 가리킵니다."
3374a02c-725d-4d43-8fbc-797c636442ce,해부학적 면과 축,exam,다음 중 횡단면(Transverse Plane)에서 일어나는 움직임을 모두 포함한 것은?,"횡단면(Transverse Plane)에서는 회전(Rotation) 계열 움직임이 일어납니다: Internal/External Rotation, Pronation/Supination, Horizontal Abduction/Adduction 등. Flexion/Extension은 시상면, Abduction/Adduction은 관상면, Dorsiflexion/Plantarflexion은 시상면에서 일어납니다."
ec4d812c-a27d-4af9-9c2e-354918b2381c,해부학적 면과 축,exam,다음 각 면과 움직임의 연결이 올바른 것은?,"시상면(Sagittal Plane)에서는 Flexion/Extension이 일어납니다. Abduction/Adduction은 관상면, Lateral Flexion도 관상면에서 일어납니다."
7ac5f3aa-95bf-4d77-8178-ec93b711397a,척추,lesson,척추의 구성과 개수,"척추(Vertebral column)는 총 26개의 뼈가 이어져 만들어지며, 부위마다 개수와 역할이 다릅니다.

1. 경추(Cervical spine): 목 부위의 척추로 7개이며, 척추 중 가장 작고 가볍습니다. 그중에서도 1번(Atlas)과 2번(Axis)은 특수한 형태를 가집니다.
2. 흉추(Thoracic spine): 등 부위의 척추로 12개이며, 늑골과 관절을 이루기 때문에 회전 범위가 상대적으로 제한적입니다.
3. 요추(Lumbar spine): 허리 부위의 척추로 5개이며, 체중을 지지해야 하는 만큼 척추뼈 중 가장 크고 두껍습니다. 그만큼 디스크 문제도 이 부위에서 흔히 발생합니다.
4. 천골(Sacrum): 원래 5개였던 척추뼈가 하나로 융합된 것으로, 골반과 연결되어 상체의 체중을 하지로 전달하는 역할을 합니다.
5. 미골(Coccyx): 3개에서 5개의 작은 뼈가 융합된 꼬리뼈로, 앉을 때 체중의 일부를 지지합니다.

시험에서 가장 자주 나오는 숫자는 경추 7개, 흉추 12개, 요추 5개입니다. 7-12-5 순서로 외워두면 빠르게 답할 수 있습니다."
797a745b-348b-4e3d-9e80-f5c1e51f722d,척추,lesson,척추의 만곡 (Spinal Curves),"척추를 옆에서 보면 일직선이 아니라 S자 형태로 네 군데가 번갈아 휘어 있는데, 이 휘어짐을 만곡(Curve)이라고 부릅니다.

앞으로 볼록하게 휘는 만곡은 전만(Lordosis)이라 하며 경추와 요추에서 나타나고, 뒤로 볼록하게 휘는 만곡은 후만(Kyphosis)이라 하며 흉추와 천골에서 나타납니다. 즉 경추 전만, 흉추 후만, 요추 전만, 천골 후만이 순서대로 이어지면서 옆에서 봤을 때 S자 곡선을 만듭니다.

이 만곡은 그냥 생긴 모양이 아니라 실제 기능을 가지고 있습니다. S자 형태 덕분에 걷거나 뛸 때 발생하는 충격을 척추가 흡수하고, 몸의 균형을 유지할 수 있습니다. 만곡이 정상 범위를 넘어 과도해지면 문제가 되는데, 요추 전만이 지나치게 심해지는 것을 과전만(Hyperlordosis)이라 하며 요통의 원인이 되고, 흉추 후만이 지나치게 심해져 등이 둥글게 말리는 것을 과후만(Hyperkyphosis)이라 합니다. 척추가 좌우로 휘는 경우는 측만(Scoliosis)이라고 하며, 앞뒤 만곡과는 다른 문제입니다.

필라테스에서 강조하는 척추 중립(Neutral spine)은 이 정상적인 S자 만곡을 그대로 유지한 상태를 말하며, 만곡을 억지로 펴거나 없애는 것이 아니라는 점을 이해하는 것이 중요합니다."
38a0ec16-3223-4890-b4cf-32e6ad593325,척추,lesson,특수 경추: C1(Atlas)과 C2(Axis),"경추 1번과 2번은 다른 척추뼈와 생김새부터 다르며, 그만큼 특별한 역할을 담당합니다.

경추 1번은 환추(Atlas)라고 부르는데, 하늘을 떠받치는 그리스 신화 속 인물 아틀라스에서 이름을 따왔습니다. 척추뼈 몸통 없이 고리 모양으로 생겼으며, 두개골과 직접 관절을 이루어 고개를 앞뒤로 끄덕이는 움직임을 만듭니다.

경추 2번은 축추(Axis)라고 부르며, 위쪽으로 치돌기(Dens)라는 돌기가 솟아 있는 것이 특징입니다. 환추(C1)가 이 치돌기를 축으로 삼아 회전하기 때문에, 고개를 좌우로 돌리는 움직임의 대부분이 이 두 뼈 사이의 관절에서 일어납니다.

경추 7번은 융기추(Vertebra Prominens)라고 따로 부르는데, 가시돌기가 다른 경추보다 유독 길어서 목 뒤를 만졌을 때 가장 먼저 튀어나온 뼈로 느껴지기 때문입니다. 이 때문에 목과 등의 경계를 찾는 해부학적 랜드마크로 자주 활용됩니다.

경추의 이런 움직임 특성은 실제 운동 지도에도 그대로 연결됩니다. Roll-up이나 Chest lift처럼 목을 굴곡시키는 동작에서는 경추, 특히 상부 경추가 정확하게 굴곡되어야 하며, 이 구조를 이해하고 있으면 동작 중 목에 무리가 가는 패턴을 더 쉽게 알아챌 수 있습니다."
aa679129-a4be-46d9-aa03-67c8d395cca2,척추,quiz,흉추(Thoracic spine)는 12개이다.,"흉추는 12개이며, 12쌍의 늑골(Rib)과 관절을 이룹니다. 경추 7개, 흉추 12개, 요추 5개입니다."
8bdc7355-5097-4170-8d2c-b4d723f0dfc1,척추,quiz,요추(Lumbar spine)의 만곡은?,요추의 정상 만곡은 전만(Lordosis)으로 앞으로 볼록한 커브입니다. 경추도 전만입니다. 후만(Kyphosis)은 흉추와 천골의 만곡입니다.
177fda4f-0fd8-49ea-a053-2dd4538fc325,척추,exam,"경추, 흉추, 요추의 개수를 올바르게 나열한 것은?","경추(Cervical) 7개, 흉추(Thoracic) 12개, 요추(Lumbar) 5개입니다. 7-12-5로 외웁니다."
684b88f0-b1bb-4975-bc6c-8a07b7d55f68,척추,exam,다음 중 하이라이트 된 뼈의 이름은?,"이미지에서 하이라이트 된 부분은 척추의 하부(허리 위치)에 있으며, 5개의 큰 척추뼈로 구성되어 있으므로 요추(Lumbar spine)입니다. 요추는 체중 지지를 위해 가장 크고 두꺼운 척추뼈입니다."
7435dfcc-58bd-45ff-bd83-80c864601860,척추,exam,다음 중 하이라이트 된 뼈의 이름은?,"이미지에서 하이라이트 된 뼈는 요추 아래, 골반 뒤쪽에 위치한 역삼각형 형태의 천골(Sacrum)입니다. 천골은 5개의 척추뼈가 융합되어 하나의 뼈를 이루며, 골반과 연결되어 체중을 하지로 전달합니다."
ca6a66ec-d1a3-491b-831a-35440ebd7c7b,하지골과 골반,lesson,골반뼈 (Pelvic bone/Hip bone),"골반뼈(Hip bone)는 하나의 뼈처럼 보이지만 실제로는 세 개의 뼈가 어릴 때부터 자라면서 하나로 융합된 것입니다.

장골(Ilium)은 골반의 위쪽 대부분을 차지하는 가장 큰 부분으로, 골반 위쪽 테두리인 장골능(Iliac crest, 허리에 손을 얹었을 때 만져지는 부위)과 앞쪽으로 튀어나온 ASIS(전상장골극)라는 중요한 촉진 랜드마크를 가지고 있습니다.

좌골(Ischium)은 골반의 아래뒤쪽 부분으로, 앉는 뼈라고도 불리는 좌골결절(Ischial tuberosity)이 있어 앉을 때 체중을 직접 받쳐주며, 햄스트링 근육들이 이곳에서 시작됩니다.

치골(Pubis)은 골반의 아래앞쪽 부분으로, 좌우의 치골이 만나는 지점을 치골결합(Pubic symphysis)이라 부르며, 복직근이 이곳에 정지합니다.

이 세 뼈는 비구(Acetabulum)라는 지점에서 함께 만나는데, 이곳은 대퇴골머리가 들어가 고관절을 이루는 깊은 소켓입니다. 필라테스에서 말하는 골반 중립(Pelvic neutral)은 양쪽 ASIS와 치골결합이 같은 수평면 위에 놓인 상태를 가리키며, 이 정렬이 무너지면 골반의 전방경사나 후방경사로 이어질 수 있습니다."
eac8c143-05f9-48c9-b94f-8d6f4511ec41,하지골과 골반,lesson,"자유하지골: 대퇴골, 슬개골, 경골, 비골","자유하지골은 골반 아래로 이어지는 다리뼈들을 말하며, 각각 다른 형태와 역할을 가지고 있습니다.

대퇴골(Femur)은 허벅지를 이루는 뼈로 인체에서 가장 크고 긴 장골입니다. 위쪽 끝의 둥근 대퇴골두가 골반의 비구에 들어가 고관절을 이루고, 옆으로 튀어나온 대전자(Greater trochanter)에는 여러 외전근이 부착됩니다.

슬개골(Patella)은 무릎 앞쪽에 있는 종자골로, 대퇴사두근의 힘줄 속에 자리 잡고 있으며 무릎을 펼 때 힘을 더 효율적으로 전달하는 지렛대 역할을 합니다.

경골(Tibia)과 비골(Fibula)은 함께 정강이를 이루지만 역할이 다릅니다. 경골은 하퇴 안쪽(Medial)에 위치한 굵은 뼈로 체중을 실제로 지지하며, 슬개건이 붙는 경골결절(Tibial tuberosity)을 가지고 있습니다. 비골은 하퇴 바깥쪽(Lateral)에 위치한 가느다란 뼈로, 체중 지지보다는 주로 근육이 부착하는 자리 역할을 합니다.

이 위치 관계는 상지의 요골·척골과 비교해서 기억하면 편리합니다. 요골과 비골은 둘 다 바깥쪽(Lateral)에, 척골과 경골은 둘 다 안쪽(Medial)이면서 상대적으로 굵은 뼈라는 공통점이 있습니다."
5d3884c3-4d79-45c7-b6ac-804bfd33242a,하지골과 골반,lesson,하지골의 Bony Landmark,"뼈에는 근육이 붙거나 다른 뼈와 관절을 이루기 위한 특징적인 돌출부와 패임이 있는데, 이를 Bony landmark(뼈 표지)라고 부릅니다. 교재 12개 용어 체계(돌기·조면·결절·전자·복사·극·관절융기·능선·오목·구멍·고랑) 중 하지골과 골반에서 자주 등장하는 예시를 정리하면 다음과 같습니다.

1. 극(Spine) — 전상장골극(ASIS, Anterior Superior Iliac Spine): 장골 앞쪽의 뾰족하게 튀어나온 부위로, 골반 앞쪽에서 손으로 쉽게 만져지는 랜드마크입니다. 봉공근(Sartorius)과 대퇴근막장근(TFL)이 이 지점에서 시작합니다. 골반의 좌우 기울기를 눈으로 확인할 때도 양쪽 ASIS의 높이를 비교합니다.

2. 능선(Crest) — 장골능(Iliac crest): 골반 위쪽 테두리를 따라 둥글게 이어지는 선으로, 흔히 바지 허리끈이 걸리는 부위입니다. 허리에 양손을 얹었을 때 만져지는 뼈가 바로 장골능이며, 복횡근과 요방형근의 기시점이기도 합니다.

3. 오목/와(Fossa) — 장골와(Iliac fossa): 장골 안쪽 면이 접시처럼 얇고 넓게 패인 부위로, 장골근(Iliacus)이 이 오목한 면을 채우듯 자리 잡아 시작됩니다.

4. 결절(Tubercle) — 좌골결절(Ischial tuberosity): 좌골 아래쪽의 거칠고 두드러진 면으로, 흔히 '앉는 뼈'라고 불립니다. 의자에 앉았을 때 체중을 직접 받치는 부위이며, 햄스트링(대퇴이두근·반건양근·반막양근)이 모두 이곳에서 시작합니다.

5. 전자(Trochanter) — 대전자(Greater trochanter of femur): 대퇴골에만 있는 특유의 큰 돌출부로, 골반 옆쪽 엉덩이 부위에서 만져집니다. 중둔근·소둔근·이상근을 비롯한 여러 고관절 안정근이 이곳에 부착하며, 옆으로 누웠을 때 바닥에 닿는 뼈가 바로 대전자입니다. (참고: 이 부위에 부착하는 근육들의 실제 작용은 근육마다 다릅니다 — 중둔근·소둔근은 주로 고관절 외전, 이상근은 고관절 외회전을 만듭니다. 대전자는 여러 방향의 힘이 모이는 부착 지점일 뿐, 특정 움직임 하나로 근육 그룹을 묶어 부르지 않도록 주의합니다.)

6. 조면(Tuberosity) — 경골조면(Tibial tuberosity): 정강이뼈 앞쪽 위에서 만져지는 거친 돌출부로, 대퇴사두근의 힘이 슬개건(patellar ligament)을 통해 최종적으로 전달되는 지점입니다. 무릎을 펴는 동작(Knee extension)에서 힘이 실제로 다리로 전달되는 '종착지'라고 이해하면 쉽습니다.

7. 관절융기(Condyle)와 위관절융기(Epicondyle) — 대퇴골의 내측/외측 관절융기(Medial/Lateral condyle): 무릎 관절을 이루는 크고 둥근 부위로, 경골과 만나 슬관절을 형성합니다. 위관절융기(Epicondyle)는 관절융기 바로 옆에 있지만 관절의 일부는 아닌 돌출부로, 내전근결절(Adductor tubercle)이 내측상과 부근에 위치하며 대내전근이 이곳에 정지합니다.

8. 복사(Malleolus) — 외측복사(Lateral malleolus)와 내측복사(Medial malleolus): 발목에 있는 특유의 두 융기로, 비골 끝(외측복사)과 경골 끝(내측복사)이 각각 만들어냅니다. 발목 양옆에서 튀어나온 뼈를 만져보면 바로 이 복사뼈이며, 발목 관절의 안정성과 인대 부착에 중요한 지표입니다.

이처럼 같은 12개 용어 체계라도 상지골에서는 견갑골·상완골 위주로, 하지골에서는 골반·대퇴골·경골 위주로 나타나며, 명칭의 의미(돌기/조면/결절/전자 등)를 알면 처음 보는 뼈의 사진에서도 어떤 특징의 구조인지 유추할 수 있습니다."
38a92b5e-befd-4bf1-a1df-22e749b6e027,하지골과 골반,lesson,"발의 뼈: 족근골, 중족골, 족지골","발은 크게 세 부분의 뼈로 이루어집니다. 발목 쪽의 족근골(Tarsals) 7개, 발바닥을 이루는 중족골(Metatarsals) 5개, 발가락을 이루는 족지골(Phalanges) 14개입니다.

족근골 중에서도 몇 개는 특히 중요한 역할을 합니다. 거골(Talus)은 경골과 직접 관절을 이루어 발목 관절을 형성하는 뼈로, 특이하게도 근육이 직접 부착하지 않고 인대로만 주변과 연결되어 있습니다. 종골(Calcaneus)은 발뒤꿈치를 이루는 족근골 중 가장 큰 뼈로, 비복근과 가자미근이 만나 이루는 아킬레스건이 이곳에 부착합니다. 주상골(Navicular)은 거골 앞쪽, 발 안쪽에 위치하며 후경골근이 정지하는 주요 지점입니다.

여기서 한 가지 혼동하기 쉬운 부분이 있습니다. 손목뼈(수근골) 중에도 주상골(Scaphoid)이라는 뼈가 있는데, 한국어로는 둘 다 주상골이라고 부르지만 서로 완전히 다른 뼈이므로 손목의 주상골과 발의 주상골(Navicular)을 혼동하지 않도록 주의해야 합니다."
6a8b48b6-5f9f-4cc4-a741-69029d8be4f8,하지골과 골반,quiz,대퇴골(Femur)은 인체에서 가장 긴 뼈이다.,"대퇴골(Femur)은 인체에서 가장 크고 긴 뼈(장골, Long bone)입니다. 성인 기준 약 45cm 정도입니다."
bf113175-9596-4a72-95fa-5e18d12eb4ae,하지골과 골반,quiz,좌골결절(Ischial tuberosity)은 어떤 동작에서 체중을 받는 부분인가?,"좌골결절(Ischial tuberosity)은 '앉는 뼈(Sit bone)'라고도 불리며, 앉아 있을 때 체중을 받는 부분입니다. 또한 햄스트링 근육의 기시점(Origin)이기도 합니다."
f1bdc14e-a898-4de8-b098-c75bb4a415e1,하지골과 골반,quiz,종골(Calcaneus)에 부착하는 건(tendon)은?,"종골(Calcaneus, 발뒤꿈치뼈)에는 아킬레스건(Achilles tendon)이 부착합니다. 아킬레스건은 비복근(Gastrocnemius)과 가자미근(Soleus)의 공통 건으로, Plantarflexion의 주동근 건입니다."
0e79cdbf-de71-4a03-b661-4d78147e50f2,하지골과 골반,exam,다음 중 하이라이트 된 뼈의 이름은?,이미지에서 하이라이트 된 뼈는 허벅지에 위치한 인체 최대의 장골인 대퇴골(Femur)입니다. 상단에 둥근 골두(Head)가 있어 골반의 비구(Acetabulum)에 들어갑니다.
3404ef46-dd76-42af-b64b-9fef30d9356e,하지골과 골반,exam,다음 중 하이라이트 된 뼈의 이름은?,"이미지에서 하이라이트 된 뼈는 무릎 앞쪽에 위치한 삼각형/원형의 슬개골(Patella)입니다. 슬개골은 대퇴사두근 건 속의 종자골(Sesamoid bone)로, 무릎 신전의 지렛대 효율을 높입니다."
fd975449-0109-4fd2-b80f-fa5e167b737b,하지골과 골반,exam,다음 중 하이라이트 된 뼈의 이름은?,이미지에서 하이라이트 된 부분은 골반뼈의 앞 아래쪽에 위치한 치골(Pubis)입니다. 치골은 좌우가 치골결합(Pubic symphysis)으로 연결됩니다.
4b3973d6-7bce-454e-a3d2-ae4cef242ac9,하지골과 골반,exam,다음 중 하이라이트 된 뼈의 이름은?,"이미지에서 하이라이트 된 부분은 골반뼈의 뒤 아래쪽에 위치한 좌골(Ischium)입니다. 좌골결절(Ischial tuberosity)은 앉을 때 체중을 지지하며, 햄스트링의 기시점입니다."
582e867c-4614-4d76-8512-b701b5c67cb7,하지골과 골반,exam,다음 중 경골(Tibia)과 비골(Fibula)의 설명으로 올바른 것은?,경골(Tibia)은 하퇴 내측(Medial)에 위치하는 굵은 뼈로 체중 지지의 주역입니다. 비골(Fibula)은 하퇴 외측(Lateral)의 가는 뼈로 주로 근육 부착 역할을 합니다.
f7a038a8-f1ba-43cc-90fd-7c915ce0fdd1,햄스트링과 하퇴 근육,lesson,햄스트링 3개 근육,"햄스트링(Hamstring)은 대퇴 뒤쪽에 위치한 세 개의 근육을 함께 부르는 이름입니다. 대퇴이두근, 반막양근, 반건양근이 여기에 속하며, 대퇴이두근의 단두를 제외한 나머지 모두 좌골결절(Ischial tuberosity)에서 시작합니다.

대퇴이두근(Biceps femoris)은 장두가 좌골결절에서, 단두가 대퇴골의 조선에서 각각 시작해 비골머리에 함께 정지합니다. 반막양근(Semimembranosus)은 좌골결절에서 시작해 경골 내측과 후면(pes anserinus 부근)에 정지하고, 반건양근(Semitendinosus)도 좌골결절에서 시작하지만 거위발건에 정지한다는 점이 다릅니다.

세 근육 모두 공통적으로 고관절을 뒤로 펴는 신전과 무릎을 구부리는 슬관절 굴곡을 만듭니다. 다만 반건양근만 무릎을 굽힐 때 경골을 안쪽으로 살짝 돌리는 내회전이 추가로 일어나며, 반대로 대퇴이두근은 무릎을 굽힐 때 바깥쪽으로 돌리는 외회전에 기여한다고 알려져 있습니다.

정지점의 위치로도 세 근육을 구분할 수 있습니다. 대퇴이두근은 무릎 바깥쪽의 비골머리에 붙는 반면, 반막양근과 반건양근은 둘 다 무릎 안쪽의 경골 부위에 붙습니다. 이렇게 대퇴이두근이 바깥쪽, 나머지 두 근육이 안쪽에 위치한다는 점을 기억해두면 햄스트링의 좌우 구조를 이해하기 쉽습니다."
5bd5b026-6132-46d2-833a-942b83a3b584,햄스트링과 하퇴 근육,lesson,하퇴삼두근: 비복근과 가자미근,"하퇴삼두근(Triceps surae)은 종아리 뒤쪽을 이루는 비복근과 가자미근을 함께 부르는 이름이며, 두 근육 모두 아킬레스건이라는 하나의 힘줄로 합쳐져 발뒤꿈치에 정지합니다.

비복근(Gastrocnemius)은 대퇴골의 내측상과와 외측상과, 즉 무릎 바로 위에서 시작합니다. 시작 지점이 무릎을 지나기 때문에 비복근은 발목의 저측굴곡뿐 아니라 슬관절 굴곡에도 함께 관여합니다. 가자미근(Soleus)은 이와 달리 비골머리와 비골, 경골의 넙치선처럼 무릎보다 아래쪽에서만 시작합니다. 무릎을 전혀 지나지 않기 때문에 가자미근은 슬관절과는 무관하며, 오직 발목관절의 저측굴곡만 담당합니다.

이 차이는 실제로 손으로 확인할 수도 있습니다. 무릎을 굽히면 비복근은 시작 지점과 정지 지점의 거리가 가까워지면서 이완되어 부드럽게 만져지는 반면, 가자미근은 무릎 각도와 관계없이 그대로 단단하게 남아 있습니다. 이런 촉진 차이를 통해 두 근육을 구분할 수 있습니다.

이미지나 문제에서 종아리 근육을 보고 이름과 움직임을 맞추는 문제가 나올 때는, 그 근육이 무릎 위(대퇴골)에서 시작하는지 무릎 아래(경골·비골)에서 시작하는지를 먼저 확인하는 것이 핵심입니다. 무릎 위에서 시작하면 비복근이므로 슬관절 굴곡이 함께 포함되어야 하고, 무릎 아래에서 시작하면 가자미근이므로 저측굴곡만 정답에 포함되어야 합니다."
82f00a12-af68-43e8-9a87-99c4b30ae4b3,햄스트링과 하퇴 근육,lesson,슬와근 Popliteus,"슬와근(Popliteus)은 무릎 뒤쪽의 오목한 부위인 오금(Popliteal fossa)에 자리 잡은 작은 심부 근육으로, 대퇴골의 외측과(Lateral condyle of femur)에서 시작해 경골 뒤쪽 위(Posterior proximal tibial shaft)에 붙습니다.

이 근육이 특별한 이유는 크기가 아니라 역할에 있습니다. 무릎을 완전히 편 상태에서는 대퇴골이 경골 위에서 살짝 돌아간 채로 맞물려 있어, 관절이 약간 잠긴 것과 비슷한 상태가 됩니다. 이 상태에서는 무릎을 곧바로 구부리기가 어려운데, 슬와근이 경골을 안쪽으로 살짝 돌려 이 잠김을 풀어주어야 비로소 무릎 굴곡이 시작될 수 있습니다.

즉 슬와근은 실제 굴곡 동작의 힘을 크게 만들어내는 근육이라기보다는, 굴곡이 시작될 수 있도록 무릎의 잠금을 해제하는 시작 스위치 역할을 하는 근육이라고 이해하면 됩니다."
8dbfa52a-327d-4477-9104-3152bc662d1d,햄스트링과 하퇴 근육,quiz,가자미근(Soleus)은 비복근(Gastrocnemius)과 달리 슬관절 움직임에 관여하지 않는다.,"가자미근은 비골·경골에서 기시하여 무릎을 지나지 않으므로 슬관절 움직임과 무관하며, 발목관절 저측굴곡만 담당합니다. 비복근은 대퇴골에서 기시하여 무릎을 지나므로 슬관절 굴곡에도 관여합니다."
7cbf5f6c-45ef-44ec-abaf-55a75c8ffab3,햄스트링과 하퇴 근육,quiz,햄스트링 3개 근육의 공통 Action은?,"대퇴이두근, 반막양근, 반건양근 모두 공통적으로 고관절 신전과 슬관절 굴곡을 작용으로 가집니다."
9472330b-9190-49be-a282-aa8948b12073,햄스트링과 하퇴 근육,exam,다음 근육의 이름은 무엇이고 어떤 움직임을 만들어 내는가?,가자미근은 비골·경골에서 기시(무릎 아래)하여 발목관절 저측굴곡만 담당합니다. 슬관절 신전은 가자미근과 비복근 어느 쪽도 담당하지 않는 대퇴사두근의 기능이므로 해당하지 않습니다.
1d0f5532-577e-4ecb-bcbe-e06d11de632b,관절의 종류,lesson,관절의 6가지 종류,"관절은 그 모양과 구조에 따라 서로 다른 방향과 범위로 움직이며, 이를 기준으로 크게 여섯 가지 종류로 분류할 수 있습니다.

평면 관절(Gliding joint)은 편평한 면들이 서로 마주 보고 미끄러지는 방식으로 움직이며, 견쇄관절, 흉쇄관절, 수근간관절, 천장관절이 여기에 속합니다. 경첩 관절(Hinge joint)은 문의 경첩처럼 한 방향으로만 접히고 펴지는 관절로, 굴곡과 신전만 가능하며 팔꿈치, 슬관절, 손가락 관절이 대표적입니다. 자축 관절(Pivot joint)은 하나의 축을 중심으로 회전하는 관절로, 목을 좌우로 돌릴 때 쓰이는 환축추관절과 전완의 근위요척관절이 여기에 속합니다.

타원 관절(Ellipsoid joint)은 굴곡-신전과 외전-내전, 두 방향의 움직임이 가능한 관절로 손목의 요수근관절과 손가락의 중수지관절이 해당하며, 안장 관절(Saddle joint)도 두 방향의 움직임에 더해 제한적인 회전까지 가능한 관절로 엄지손가락의 수근중수관절이 대표적입니다. 마지막으로 구상 관절(Ball & Socket joint)은 굴곡-신전, 외전-내전, 내회전-외회전까지 세 방향 모두로 움직일 수 있는 가장 자유로운 관절이며, 어깨 관절과 고관절이 여기에 속합니다.

이렇게 여섯 가지를 움직임 방향의 개수로 정리하면 이해가 한결 쉬워집니다. 경첩 관절과 자축 관절은 한 방향으로만 움직이는 단축 관절, 타원 관절과 안장 관절은 두 방향으로 움직이는 이축 관절, 구상 관절은 세 방향 모두로 움직이는 삼축 관절입니다. 평면 관절은 미끄러짐과 약간의 회전이 함께 일어나는 특수한 경우로 따로 봅니다. 시험에서는 구상 관절이 가장 넓은 움직임 범위를 가진다는 점과, 경첩 관절은 굴곡·신전 외에는 움직이지 않는다는 점이 자주 출제됩니다."
b70ca745-e282-4cf8-8314-055b079470d8,관절의 종류,lesson,경첩 관절 (Hinge Joint) 상세,"경첩 관절(Hinge joint)은 문에 달린 경첩처럼 한 방향으로만 접히고 펴지는 관절로, 가능한 움직임이 굴곡(Flexion)과 신전(Extension) 두 가지로 한정됩니다.

대표적인 경첩 관절로는 팔꿈치 관절, 슬관절, 손가락의 지관절(Interphalangeal joint)이 있으며, 여기에 더해 발목 관절(Talocrural joint)도 경첩 관절로 분류됩니다.

이 분류를 정확히 알아두면 다음 중 경첩 관절을 모두 고르시오 같은 유형의 문제를 쉽게 풀 수 있습니다. 예를 들어 팔꿈치, 손가락 관절, 발목 관절은 모두 경첩 관절에 해당하지만, 흉요추 관절(Thoracolumbar joint)은 척추뼈 사이의 관절로 회전과 옆으로 구부리는 움직임까지 가능하기 때문에 경첩 관절로 분류되지 않습니다. 이렇게 겉보기에 비슷해 보이는 보기 중에서 실제로는 다축으로 움직이는 척추 관절을 골라내는 것이 이 유형 문제의 핵심입니다."
14b777c7-5dd5-4f09-b69e-4bc3db48cc95,관절의 종류,lesson,구상 관절 (Ball & Socket Joint) 상세,"구상 관절(Ball & Socket joint)은 오목한 소켓과 그에 꼭 맞는 둥근 볼 모양의 뼈머리가 짝을 이루는 구조로, 관절 중에서 가장 자유롭게 움직일 수 있는 형태입니다. 이 구조 덕분에 굴곡-신전(시상면), 외전-내전(관상면), 내회전-외회전(횡단면)까지 세 방향 모두로 움직이는 삼평면 운동이 가능합니다. 어깨 관절(Glenohumeral joint)과 고관절(Hip joint)이 이 유형의 대표적인 예입니다.

같은 구상 관절이라도 어깨와 고관절은 소켓의 깊이가 달라 특징이 서로 다릅니다. 어깨는 관절와가 얕아서 움직임의 범위는 넓지만 그만큼 안정성이 낮아 탈구가 잘 일어나는 편이고, 고관절은 비구가 깊어서 움직임의 범위는 상대적으로 좁지만 안정성이 높아 탈구 위험이 낮습니다. 즉 같은 구상 관절이라도 소켓이 얕을수록 가동성은 늘고 안정성은 줄며, 소켓이 깊을수록 안정성은 늘고 가동성은 준다는 반비례 관계를 보여주는 대표적인 사례라고 할 수 있습니다."
525b66f4-a11e-407a-88f8-def6ff427faa,관절의 종류,quiz,"경첩 관절(Hinge joint)에서는 굴곡, 신전, 회전이 모두 일어난다.",경첩 관절에서는 굴곡(Flexion)과 신전(Extension)만 일어납니다. 회전(Rotation)은 자축 관절(Pivot joint)이나 구상 관절(Ball & Socket)에서 일어납니다.
1188142e-2d19-46bb-b3b7-7aa9ee5e4d0a,관절의 종류,quiz,자축 관절(Pivot joint)의 예시로 올바른 것은?,"자축 관절의 대표적인 예시는 환축추관절(Atlas/Axis)과 근위요척관절(Proximal radioulnar)입니다. 회전의 단일축 주위에서 축돌림이 일어납니다. 어깨와 고관절은 구상 관절, 팔꿈치는 경첩 관절입니다."
13525131-923b-4bff-953e-86174b3e0d7a,관절의 종류,quiz,"삼평면 운동(굴곡-신전, 외전-내전, 내-외회전)이 가능한 관절 종류는?","구상 관절은 삼평면 운동(굴곡-신전, 외전-내전, 내회전-외회전)이 가능한 관절입니다. 경첩 관절은 단축(1평면), 안장 관절은 이축(2평면), 평면 관절은 미끄러짐 위주로 움직입니다."
d2b93980-2ba3-4e75-a4c5-65192884526f,관절의 종류,quiz,구상 관절(Ball & Socket joint)은 삼평면 운동이 가능하다.,"구상 관절은 삼평면 운동(굴곡-신전, 외전-내전, 내회전-외회전)이 가능합니다. 오목한 소켓과 구형 볼록면(볼)이 짝을 이루는 구조 덕분에 가장 넓은 ROM을 가지며, 어깨(GH joint)와 고관절(Hip joint)이 대표적인 예입니다."
80fb67f0-9ed5-4681-bda5-2cd2ece53d14,관절의 종류,exam,다음 중 관절의 종류(Type)를 모두 고르시오.,"Pivot joint(자축), Ball & Socket joint(구상), Condylar joint(과상)은 모두 관절의 종류(유형)입니다. Occipital joint(후두관절)은 관절이 위치한 부위의 이름이지 관절 종류(Type)가 아닙니다.

교재 6가지: Gliding, Hinge, Pivot, Ellipsoid, Saddle, Ball & Socket. Condylar는 교재 외 추가 분류로 타원 관절의 변형입니다."
ede91702-3dd3-48c2-bd06-f6deed222d53,관절의 종류,exam,Hinge joint (경첩관절)를 모두 고르시오.,"경첩 관절의 대표 예시는 팔꿈치(Elbow), 슬관절(Knee), 손가락의 지관절(Interphalangeal joint)이며, 발목 관절(Talocrural joint)도 경첩 관절로 분류됩니다. 반면 흉요추 관절(Thoracolumbar joint)은 척추 관절로 주로 회전과 측굴이 일어나므로 경첩 관절이 아닙니다."
ce824995-b437-4c3f-8941-f93595fc0a02,관절의 종류,exam,다음 중 관절과 그 종류(Type)의 연결이 올바른 것은?,"환축추관절(Atlas/Axis)은 자축 관절(Pivot joint)입니다. 어깨 관절(GH joint)과 고관절(Hip joint)은 구상 관절, 팔꿈치 관절(Elbow)은 경첩 관절로 분류됩니다."
ec2bef0b-08f6-4760-8667-fae3ce05890d,관절의 종류,exam,안장 관절(Saddle joint)에 대한 설명으로 올바른 것은?,"안장 관절은 이평면 운동이 가능하며, 엄지손가락의 수근중수관절(First CMC)이 대표적인 예입니다. 말의 기수와 안장의 관계처럼 오목면과 볼록면이 직각 방향에서 서로 맞물려 있는 구조입니다."
e1822de6-d79d-4fbd-ba27-b8fb91430f5d,견갑골 근육,lesson,승모근 Trapezius,"승모근(Trapezius)은 목뒤부터 등 중간까지 넓게 걸쳐 있는 근육으로, 섬유가 뻗은 방향에 따라 상부, 중부, 하부 세 부분으로 나뉘며 각각 다른 움직임을 만들어냅니다.

상부 승모근은 후두골과 항인대, 경추 1번부터 7번의 극돌기에서 시작해 쇄골 외측과 견봉에 붙으며, 견갑골을 위로 올리는 거상과 상방회전을 만듭니다. 중부 승모근은 흉추 1번부터 4번의 극돌기에서 시작해 견갑극에 붙으며, 견갑골을 척추 쪽으로 당기는 후인과 상방회전을 만듭니다. 하부 승모근은 흉추 5번부터 12번의 극돌기에서 시작해 견갑극 안쪽에 붙으며, 견갑골을 아래로 내리는 하강과 상방회전을 만듭니다.

세 부분 모두 공통적으로 상방회전에 참여한다는 점이 흥미롭습니다. 즉 승모근은 부위마다 고유한 움직임(상부는 거상, 중부는 후인, 하부는 하강)을 하나씩 따로 담당하면서도, 상방회전만큼은 세 부분이 함께 힘을 모아 만들어내는 구조입니다.

필라테스에서 자주 쓰이는 어깨를 내리세요라는 큐잉은 실제로 하부 승모근을 활성화시키면서 동시에 상부 승모근을 이완시키라는 의미입니다. 어깨가 귀 쪽으로 올라가는 습관은 상부 승모근이 과도하게 긴장되어 있다는 신호인 경우가 많아, 하부 승모근을 의식적으로 써서 견갑골을 아래로 끌어내리는 연습이 자세 교정에 자주 활용됩니다."
5b9b178e-fdb3-471b-a729-31a9bf49c7be,견갑골 근육,lesson,"능형근, 견갑거근, 전거근","견갑골(어깨뼈)을 움직이는 근육 중에는 능형근, 견갑거근, 전거근이 대표적이며, 각각 다른 방향으로 견갑골을 당겨줍니다.

능형근(Rhomboid)은 소능형근과 대능형근 두 부분으로 나뉘는데, 소능형근은 경추 7번부터 흉추 1번의 극돌기에서 시작해 견갑극 안쪽에 붙고, 대능형근은 흉추 2번부터 5번의 극돌기에서 시작해 견갑골의 척추 쪽 가장자리에 붙습니다. 두 부분 모두 견갑골을 척추 쪽으로 당기는 후인(Retraction)과, 견갑골 아래쪽 끝이 안쪽으로 회전하는 하방회전(Downward rotation)을 만듭니다.

견갑거근(Levator scapulae)은 이름 그대로 견갑골을 들어올리는 근육으로, 경추 1번부터 4번의 횡돌기에서 시작해 견갑골 위쪽 모서리부터 견갑극 부근까지 이어집니다. 견갑골을 위로 올리는 거상(Elevation)과 함께 하방회전에도 관여합니다.

전거근(Serratus anterior)은 상위 8개 늑골의 옆면에서 시작해 견갑골의 척추 쪽 가장자리 안쪽 면에 붙는 근육으로, 견갑골을 앞으로 밀어내는 전인(Protraction)과 상방회전(Upward rotation)을 만듭니다. 권투 선수가 주먹을 뻗을 때 이 근육이 강하게 활성화되기 때문에 흔히 복서의 근육(Boxer's muscle)이라고도 불립니다.

이 세 근육을 포함해 견갑골의 여섯 가지 움직임과 주된 근육을 정리하면 다음과 같습니다. 거상은 상부 승모근과 견갑거근이, 하강은 하부 승모근이, 후인은 중부 승모근과 능형근이, 전인은 전거근이, 상방회전은 승모근 전체와 전거근이, 하방회전은 능형근과 견갑거근이 담당합니다. 이렇게 각 움직임과 주동근을 짝지어 기억해두면 견갑골 관련 문제를 훨씬 수월하게 풀 수 있습니다."
6a1729d4-a9c4-40f1-8156-f4820e2424e6,견갑골 근육,quiz,전거근(Serratus anterior)의 작용은 견갑골 전인(Protraction)과 상방회전(Upward rotation)이다.,"전거근의 작용은 견갑골 전인(Protraction)과 상방회전(Upward rotation)입니다. Boxer's muscle이라 불리며, 팔을 앞으로 밀 때 견갑골을 전인시킵니다."
a437cfaf-916e-4fff-8b76-2a6f447c9edf,견갑골 근육,quiz,견갑골 후인(Retraction)을 담당하는 근육으로 올바른 것은?,"능형근의 작용은 견갑골 후인(Retraction)과 하방회전입니다. 중부 승모근도 후인을 담당합니다. 전거근은 전인, 견갑거근은 거상, 하부 승모근은 하강을 담당합니다."
d03c61b0-49d0-4847-9165-a7edebeeb6bb,견갑골 근육,exam,소흉근(Pectoralis minor)의 작용(Action)으로 올바른 것은?,"소흉근의 작용은 견갑골 전인(Protraction), 하강(Depression), 하방회전(Downward rotation)입니다. 소흉근은 제3~5번 늑골 전면에서 시작해 오훼돌기(Coracoid process)에 정지합니다."
5919332e-5278-4e00-9c8e-eea695c54850,뼈 촉지,lesson,상지 및 견갑골 촉지 랜드마크,"상지와 견갑골 부위에서는 다음과 같은 뼈 랜드마크를 촉지로 확인할 수 있습니다.

1. 쇄골(Clavicle): 목 아래 앞쪽에서 가로로 만져지는 뼈
2. 견봉(Acromion): 어깨 가장 바깥쪽 위, 어깨뽕이 만져지는 지점
3. 오훼돌기(Coracoid process): 쇄골 아래쪽, 어깨 앞쪽 안쪽에서 깊게 눌러야 만져지는 작은 돌기
4. 상완골 대결절(Greater tubercle)/소결절(Lesser tubercle): 어깨 앞쪽에서 팔을 돌리며 만지면 움직임이 느껴지는 지점
5. 견갑골(Scapula)의 위각(Superior angle)/아래각(Inferior angle)/내측연(Medial border)/외측연(Lateral border): 등 위쪽에서 견갑골의 삼각형 윤곽을 따라 짚을 수 있는 경계선

이 랜드마크들은 어깨 관절의 정렬 상태를 평가하거나 회전근개 관련 통증 부위를 확인할 때 기준점으로 활용됩니다."
391d9ef9-3bb0-484f-8f68-795d1eb93038,뼈 촉지,lesson,몸통 및 척추 촉지 랜드마크,"척추와 몸통에서는 특정 분절의 극돌기(spinous process)를 기준점으로 촉지합니다.

1. 제2경추, 제7경추: 목을 숙이면 목 뒤에서 가장 크게 튀어나오는 뼈가 제7경추이며, 임상 및 촉지 실습에서 척추 분절을 셀 때 기준점으로 가장 많이 쓰입니다.
2. 제1흉추, 제7흉추: 제7경추 아래로 이어지는 흉추 극돌기를 따라 세어 내려가며 확인합니다.
3. 제4요추: 양쪽 장골능(iliac crest)을 잇는 가상의 선이 지나가는 위치의 척추 분절로 찾습니다.
4. 흉골 검상돌기(Sternum-xiphoid): 가슴뼈 아래쪽 끝의 작은 돌기
5. 미골(Coccyx): 척추의 가장 아래쪽, 꼬리뼈 부위

특히 제7경추와 좌우 장골능 연결선은 다른 척추 분절의 위치를 셀 때 쓰는 기준점 역할을 하므로 정확히 찾는 연습이 필요합니다."
e08d437d-ba21-4641-bd35-9067b0ee93a6,뼈 촉지,lesson,골반 촉지 랜드마크,"골반 부위의 뼈 랜드마크는 자세 평가에서도 반복적으로 활용되는 만큼 정확히 익혀야 합니다.

1. ASIS(위앞엉덩뼈가시): 골반 앞쪽에서 양손을 허리에 얹었을 때 엄지 아래로 만져지는 뾰족한 뼈
2. AIIS(아래앞엉덩뼈가시): ASIS보다 약간 아래, 대퇴직근의 기시가 되는 지점
3. 장골능(Iliac crest): 골반 위쪽 능선을 따라 만져지는 곡선
4. PSIS(뒤위엉덩뼈가시): 골반 뒤쪽, 허리 아래쪽 움푹 들어간 곳 근처의 뼈
5. 좌골결절(Ischial tuberosity): 앉았을 때 체중이 실리는 뼈, 슬괵근의 기시가 되는 지점
6. 대전자(Greater trochanter): 엉덩이 옆쪽, 대퇴골 위쪽에서 튀어나온 부위

교재에서는 ""먼저 자신의 골반을 촉지해본 뒤 파트너에게 진행해보라""고 권장하는데, 이는 스스로 랜드마크의 느낌을 알아야 타인에게서도 정확히 찾을 수 있기 때문입니다."
2441918f-f6b7-4e20-9f90-eee97a3dd87c,뼈 촉지,lesson,하지(무릎~발목) 촉지 랜드마크,"무릎 아래에서 발목까지는 다음 랜드마크를 촉지로 확인합니다.

1. 슬개골(Patella): 무릎 앞쪽의 둥글고 평평한 뼈
2. 경골조면(Tibial tuberosity): 슬개골 바로 아래, 정강뼈 앞쪽에서 튀어나온 부위 — 슬개건(무릎힘줄)이 부착되는 지점
3. 내측/외측 복사뼈(Medial/Lateral malleolus): 발목 안쪽과 바깥쪽에서 튀어나온 뼈

이 랜드마크들은 무릎이나 발목 관절의 정렬을 평가하거나, 운동 시 무릎이 발끝 방향과 일치하는지 확인하는 큐잉 기준으로도 활용됩니다."
d9e91e3e-1559-4414-98f2-55f4c6893086,뼈 촉지,quiz,"제7경추는 목을 숙였을 때 목 뒤에서 가장 크게 튀어나오는 뼈로, 척추 분절을 셀 때 기준점으로 활용된다.","맞는 설명입니다. 제7경추는 목을 숙였을 때 가장 두드러지게 튀어나오는 극돌기로, 다른 척추 분절 위치를 셀 때 기준점이 됩니다."
dfdad503-cb7f-4095-8118-5b6f01957868,뼈 촉지,quiz,슬괵근의 기시가 되는 골반 뼈 랜드마크는?,슬괵근(대퇴이두근·반건양근·반막양근)은 모두 좌골결절에서 시작합니다.
b53c3570-2826-43ab-a713-9b42e1b88227,뼈 촉지,quiz,AIIS는 ASIS보다 위쪽에 위치하며 대퇴사두근 중 대퇴직근의 기시가 되는 지점이다.,"AIIS(아래앞엉덩뼈가시)는 ASIS보다 아래쪽에 위치합니다. 대퇴직근의 기시가 된다는 설명은 맞지만, 위치 설명이 틀렸으므로 전체 문장은 거짓입니다."
288c9d0f-4668-47ec-a9e1-2c1dbf92ac5d,뼈 촉지,exam,다음 중 골반 뒤쪽에 위치하며 자세평가에서 좌우 높이 비교에 활용되는 랜드마크는?,"PSIS(뒤위엉덩뼈가시)는 골반 뒤쪽에 위치하며, 좌우 PSIS의 높이를 비교해 골반 정렬을 평가하는 데 활용됩니다."
d9033f96-ff8a-48b2-bd29-32d54fe7e291,뼈 촉지,exam,장골능(Iliac crest)은 손끝보다 손바닥 전체로 촉지하는 것이 더 정확하다.,장골능처럼 넓은 뼈 구조물은 손바닥 전체를 사용해 촉지하는 것이 더 정확합니다. 손끝은 ASIS처럼 작은 구조물에 적합합니다.
52d7bf62-cebc-4aaa-8652-8a210f51c37b,뼈 촉지,exam,무릎 아래에서 슬개건이 부착되는 뼈 돌출부의 이름은?,"경골조면(Tibial tuberosity)은 슬개골 아래 정강뼈 앞쪽에서 튀어나온 부위로, 슬개건이 부착됩니다."
6527dd99-a836-4ac2-af24-051895a9207b,뼈 촉지,exam,제4요추는 양쪽 장골능을 잇는 가상의 선이 지나가는 척추 분절이다.,"양쪽 장골능 최상단을 잇는 가상의 수평선(장골능간선)은 대략 제4요추 극돌기를 지나가며, 임상에서 요추 위치를 셀 때 기준점으로 활용됩니다."
092393e9-95c5-4f3f-918b-c7eb0db9b738,발목 근육,lesson,전경골근과 후경골근,"전경골근(Tibialis anterior)은 경골 외측과 골간막에서 시작해 제1중족골 기저부와 내측설상골에 정지하는 근육으로, 발목을 위로 당기는 배측굴곡과 발바닥을 안쪽으로 기울이는 내번을 만듭니다. 후경골근(Tibialis posterior)은 경골과 비골의 후면, 골간막에서 시작해 주상골과 여러 족근골, 중족골 기저부에 폭넓게 정지하며, 발목을 아래로 내리는 저측굴곡과 내번을 만듭니다.

이 두 근육을 비교하면 흥미로운 공통점과 차이점이 함께 보입니다. 전경골근은 정강이 앞쪽에서 시작해 배측굴곡을 만들고, 후경골근은 정강이 뒤쪽에서 시작해 저측굴곡을 만들기 때문에 발목을 굽히는 방향은 정반대입니다. 그런데도 두 근육 모두 내번이라는 같은 움직임을 만드는데, 이는 두 근육이 공통적으로 발의 안쪽 아치를 지지하는 역할을 하기 때문입니다.

실제로 후경골근은 여러 발뼈에 걸쳐 넓게 부착하면서 발의 내측 종아치를 강하게 떠받치는 역할을 하는데, 이 근육이 약해지거나 손상되면 아치가 무너지면서 평발로 이어질 수 있습니다. 두 근육을 손으로 촉진할 때도 위치 차이가 뚜렷합니다. 전경골근은 정강이 앞쪽 바깥에서 비교적 쉽게 만져지지만, 후경골근은 안쪽 복사뼈 뒤쪽의 깊은 곳에 있어 촉진하기가 더 까다롭습니다."
a1142dd8-2755-404c-8160-1c705777232b,발목 근육,lesson,비골근군: 장비골근과 단비골근,"비골근군은 하퇴 바깥쪽에 위치한 장비골근과 단비골근 두 근육으로 이루어지며, 앞서 살펴본 전경골근·후경골근과는 정반대로 외번(Eversion)을 담당합니다.

단비골근(Fibularis brevis)은 비골 원위부 바깥쪽 표면에서 시작해 제5중족골 조면에 정지하며, 발목의 저측굴곡과 외번을 만듭니다. 장비골근(Fibularis longus)은 비골머리와 비골 근위부 바깥쪽 표면에서 시작해 발바닥을 가로질러 내측설상골과 제1중족골까지 이어지며, 역시 저측굴곡과 외번을 만듭니다.

장비골근은 여기서 한 가지 역할을 더 담당합니다. 발바닥을 가로질러 반대쪽 발 안쪽까지 이어지는 독특한 경로 덕분에, 발의 가로 방향 아치와 안쪽 세로 아치를 함께 지지하는 아치 서포트 역할까지 겸하는 것입니다.

발목의 내번과 외번을 담당하는 근육을 정리하면, 내번은 전경골근과 후경골근이, 외번은 장비골근과 단비골근이 나누어 담당합니다. 이렇게 발목 안쪽과 바깥쪽의 근육이 각각 반대 방향의 움직임을 맡아 균형을 이루는 구조로 이해하면 기억하기 쉽습니다."
b5dd023e-8fa6-4ed7-854f-7f6753d95a33,발목 근육,quiz,전경골근(Tibialis anterior)과 후경골근(Tibialis posterior)은 모두 내번(Inversion)을 만든다.,"전경골근의 작용은 배측굴곡과 내번이고, 후경골근의 작용은 저측굴곡과 내번입니다. 두 근육 모두 내번을 공통으로 만듭니다. 배측굴곡과 저측굴곡은 서로 반대이지만 내번은 같습니다."
77499c30-e78b-4267-8116-08f6cf884a2d,발목 근육,quiz,장비골근(Fibularis longus)의 Action으로 올바른 것은?,"장비골근의 작용은 발목관절 저측굴곡과 외번이며, 여기에 아치 서포트 기능도 함께 담당합니다. 비골근군은 모두 외번을 담당하며, 전경골근·후경골근(내번)과 대조됩니다."
837a67f4-596d-4fca-9930-dff5b0d56119,발목 근육,exam,후경골근(Tibialis posterior)의 정지(Insertion)로 올바른 것은?,"후경골근의 정지는 주상골, 족근골, 중족골 기저부입니다. 여러 뼈에 걸쳐 넓게 부착하여 발의 내측 아치를 강력하게 지지합니다. 보기 1은 단비골근, 보기 2는 전경골근의 정지점입니다."
84ae5ec2-7472-49dd-b964-68616c582d39,발목 근육,exam,후경골근(Tibialis posterior)의 약화는 평발(Flat foot)의 주요 원인 중 하나이다.,"후경골근은 주상골, 족근골, 중족골 기저부에 넓게 부착하여 발의 내측 종아치(Medial longitudinal arch)를 강력하게 지지합니다. 이 근육이 약화되거나 손상되면 아치가 무너져 평발(Flat foot, 후경골근 기능부전증) 상태가 발생할 수 있습니다."
5d248f55-7ba9-4a85-a6ec-06606ab1661c,상지 관절,lesson,어깨 관절의 5가지 구성,"어깨는 하나의 관절이 아니라 여러 개의 관절이 모여 이루어진 복합체이며, 실제로는 네 개의 관절이 함께 작동해 어깨의 움직임을 만들어냅니다.

그중 세 개는 뼈와 뼈가 실제로 관절을 이루는 일반 관절(True joint)입니다. 상완와관절(GH joint, Glenohumeral joint)은 상완골과 견갑골이 만나는 구상 관절로, 가장 넓은 범위의 삼평면 움직임을 담당합니다. 견쇄관절(AC joint)은 견봉과 쇄골이 만나는 관절이고, 흉쇄관절(SC joint)은 흉골과 쇄골이 만나는 관절로, 상지 전체를 체간에 연결하는 유일한 뼈 관절이라는 점에서 중요합니다.

나머지 하나는 견흉관절(Scapulothoracic joint)로, 견갑골이 흉곽 표면 위를 미끄러지듯 움직이는 관절입니다. 다만 이 관절은 실제 뼈와 뼈가 직접 맞닿아 이루는 해부학적 관절이 아니라, 근육과 근막을 매개로 움직임만 만들어내는 기능적 관절이기 때문에 기능적 관절 또는 가짜 관절이라고 부릅니다. 견갑골의 거상·하강, 전인·후인, 상방·하방회전 같은 움직임이 모두 이 견흉관절에서 일어납니다. 시험에서 기능적 관절(가짜 관절)이 무엇인지 묻는 질문의 정답은 항상 견흉관절입니다.

어깨 관절의 안정성은 관절낭, 인대, 그리고 관절와를 둘러싼 관절순(Labrum) 같은 구조물이 함께 만들어냅니다. 특히 GH joint는 소켓인 관절와가 매우 얕아서 구조적으로는 불안정한 편인데, 관절순이 그 깊이를 보완해주고 회전근개 근육들이 움직이는 내내 관절을 붙잡아주는 동적 안정성을 더해줍니다."
cdfa6ca5-4703-4b92-82b5-054c0bd8a24b,상지 관절,lesson,팔꿈치 관절과 인대,"팔꿈치 관절(Elbow joint)은 크게 경첩 관절로 분류되지만, 실제로는 세 개의 작은 관절이 한 관절낭 안에 모여 있는 구조입니다.

상완척골관절(Humeroulnar joint)은 상완골과 척골이 만나는 경첩 관절로 팔꿈치의 굴곡과 신전을 담당하고, 상완요골관절(Humeroradial joint)은 상완골과 요골이 만나는 관절입니다. 근위요척관절(Proximal radioulnar joint)은 자축 관절로, 요골이 척골 위에서 회전하며 손바닥을 위아래로 돌리는 회내와 회외 움직임을 만들어냅니다. 이렇게 팔꿈치는 굴곡·신전은 경첩 관절 방식으로, 회내·회외는 자축 관절 방식으로 이루어지는 복합 구조이지만, 시험에서는 대표적인 움직임인 굴곡·신전을 기준으로 보통 경첩 관절로 분류합니다.

팔꿈치의 안정성은 세 개의 인대가 지켜줍니다. 윤상인대(Annular ligament)는 요골머리를 고리처럼 감싸 제자리에 고정시키고, 척측측부인대(UCL, Ulnar collateral ligament)는 팔꿈치 안쪽을, 요측측부인대(RCL, Radial collateral ligament)는 팔꿈치 바깥쪽을 지지합니다. 이 세 인대 덕분에 팔꿈치는 굽히고 펴는 동안에도, 회내와 회외를 하는 동안에도 옆으로 흔들리지 않고 안정적으로 움직일 수 있습니다."
8a3b2d65-6995-4a04-ba2c-fa755b897286,상지 관절,quiz,견흉관절(Scapulothoracic joint)은 해부학적 관절(True joint)이다.,"견흉관절(Scapulothoracic joint)은 기능적 관절(Functional Articulation)로, 해부학적 관절(True joint)이 아닙니다. 견갑골이 흉곽 위를 미끄러지는 기능적 연결입니다."
56bb832f-9313-4573-9a10-7ecc8b1e1794,상지 관절,quiz,어깨 GH관절(Glenohumeral joint)은 어떤 종류의 관절인가?,"GH joint(상완와관절)는 구상 관절(Ball & Socket)로, 삼평면 운동(굴곡-신전, 외전-내전, 내회전-외회전)이 가능합니다."
4437ce63-d9cb-4e84-8ebd-26bd3eef9b62,상지 관절,exam,다음 중 기능적 관절(가짜 관절)은?,"Scapulothoracic joint(견흉관절)는 기능적 관절(Functional Articulation)입니다. 나머지 GH, AC, SC는 모두 일반 관절(True Joint)입니다. 견흉관절은 관절낭이나 인대 없이, 견갑골이 흉곽 위를 미끄러지는 기능적 연결로 이루어집니다."
8153f6c7-4f24-4c18-be1c-afe9d8a489d7,상지 관절,exam,다음 중 견쇄관절(AC joint)의 관절 종류는?,평면 관절(Gliding joint)의 대표 예시로 견쇄관절(Acromioclavicular joint)과 흉쇄관절(Sternoclavicular joint)이 있습니다. 편평한 면들이 마주 보고 미끄러지는 방식으로 움직입니다.
e0e531f8-98a2-4f71-8304-570c4954402b,하지 관절,lesson,고관절 (Hip Joint),"고관절(Hip joint)은 대퇴골머리(대퇴골두, Femur head)가 골반의 비구(Acetabulum)라는 오목한 소켓에 깊이 파고드는 구조로 이루어진 관절입니다. 이런 볼-소켓 형태를 구상 관절(Ball & Socket joint)이라고 부르며, 어깨 관절과 함께 인체에서 가장 자유롭게 움직이는 관절 유형에 속합니다. 대퇴비구관절(Femoroacetabular joint)이라는 이름으로 불리기도 합니다.

구상 관절 구조 덕분에 고관절은 한 방향이 아니라 세 방향(삼평면)으로 움직일 수 있습니다.

1. 굴곡과 신전(Flexion/Extension): 다리를 앞으로 들어 올리거나 뒤로 뻗는 움직임입니다.
2. 외전과 내전(Abduction/Adduction): 다리를 옆으로 벌리거나 다시 모으는 움직임입니다.
3. 내회전과 외회전(Internal/External Rotation): 다리를 세로축으로 안쪽 또는 바깥쪽으로 돌리는 움직임입니다.

각 방향마다 정상적으로 움직일 수 있는 범위(ROM)가 정해져 있습니다. 굴곡은 대략 120도까지, 신전은 30도까지 가능하며, 외전은 40도, 내전은 20도 정도이고, 회전은 외회전이 50도로 내회전(40도)보다 조금 더 넓게 허용됩니다. 이 수치를 알아두면 실제 동작에서 관절이 정상 범위 안에서 움직이고 있는지 가늠하는 기준으로 삼을 수 있습니다.

고관절과 자주 비교되는 관절이 어깨(GH joint)입니다. 둘 다 구상 관절이지만, 어깨는 소켓(관절와)이 얕아서 움직임의 폭은 넓은 대신 잘 빠지는 편이고, 고관절은 소켓(비구)이 훨씬 깊어서 움직임의 폭은 상대적으로 좁지만 그만큼 안정적입니다. 이 안정성은 저절로 생기는 것이 아니라 몇 가지 구조물이 함께 만들어냅니다.

1. 비구순(Acetabular labrum): 비구 가장자리를 둘러싼 섬유연골로, 얕았을 소켓을 한층 더 깊게 만들어 대퇴골두가 쉽게 빠지지 않도록 잡아줍니다.
2. 관절낭(Joint capsule): 관절 전체를 감싸는 주머니로, 관절액을 담아두고 관절이 벌어지지 않도록 물리적으로 막아줍니다.
3. 인대(Ligament): 관절낭 안팎을 보강해 특정 방향으로 지나치게 움직이지 않도록 제한합니다.

이 세 구조물이 함께 작동하기 때문에 고관절은 체중을 지지하면서도 걷기, 달리기, 앉기 같은 일상 동작에서 안정적으로 움직일 수 있습니다."
ee3b5b18-d720-4bf7-952c-2909f17fb740,하지 관절,lesson,슬관절과 인대,"슬관절(Knee joint)은 굴곡과 신전이 주된 움직임인 경첩 관절로 분류되며, 무릎이 옆으로 흔들리거나 앞뒤로 밀리지 않도록 잡아주는 네 개의 주요 인대를 가지고 있습니다.

전방십자인대(ACL)는 경골이 대퇴골에 대해 앞으로 밀려나가지 않도록 막아주고, 후방십자인대(PCL)는 반대로 경골이 뒤로 밀려나지 않도록 막아줍니다. 이 두 인대는 관절 안쪽에서 서로 X자 모양으로 교차하며 지나가기 때문에 십자인대라는 이름이 붙었습니다. 외측측부인대(LCL)는 무릎 바깥쪽을, 내측측부인대(MCL)는 무릎 안쪽을 지지해 옆으로 흔들리지 않도록 잡아줍니다.

인대 외에도 반월판(Meniscus)이라는 구조물이 무릎 안정성에 중요한 역할을 합니다. 무릎 안쪽과 바깥쪽에 각각 하나씩 있는 반월판은 관절연골 위에 놓여 대퇴골과 경골 사이에서 쿠션처럼 충격을 흡수하고, 체중이 실릴 때 하중을 고르게 분산시켜 관절을 더 안정적으로 만들어줍니다.

이 중에서도 ACL은 방향을 급하게 바꾸는 스포츠 동작에서 손상이 매우 흔하게 발생하는 인대로 알려져 있어, 슬관절 인대 중에서도 특히 자주 언급됩니다."
82208f05-296a-438e-88dc-cdb30c2ceb13,하지 관절,lesson,발목 관절,"발목에는 겉보기에는 하나처럼 보이지만 실제로는 서로 다른 움직임을 담당하는 두 개의 관절이 있습니다.

거퇴관절(Talocrural joint, Ankle joint)은 경골과 비골이 함께 거골(Talus)과 맞물려 이루는 경첩 관절로, 발끝을 위로 당기는 배측굴곡과 아래로 내리는 저측굴곡이 여기서 일어납니다. 거골하관절(Subtalar joint)은 거골과 그 아래 종골(Calcaneus)이 만나는 평면 관절로, 발바닥이 안쪽으로 기우는 내번과 바깥쪽으로 기우는 외번이 여기서 일어납니다.

이 두 관절을 구분하는 것이 중요한 이유는, 발목 관절의 종류는 무엇인가라는 질문에서 정답이 거퇴관절을 기준으로 한 경첩 관절이기 때문입니다. 반면 내번과 외번은 거퇴관절이 아니라 그 아래에 있는 거골하관절에서 일어나는 움직임이므로, 두 관절과 그에 따른 움직임을 짝지어 정확히 구분해두어야 혼동 없이 문제를 풀 수 있습니다."
e75f6fae-f9ac-41ff-87e9-f6f43adf3994,하지 관절,quiz,발목의 내번(Inversion)과 외번(Eversion)은 거퇴관절(Talocrural joint)에서 일어난다.,"내번(Inversion)과 외번(Eversion)은 거골하관절(Subtalar joint, 평면 관절)에서 일어납니다. 거퇴관절(Talocrural joint, 경첩 관절)에서는 배측굴곡(Dorsiflexion)과 저측굴곡(Plantarflexion)이 일어납니다."
b939b603-5296-4734-b96a-25a518261fa5,하지 관절,quiz,슬관절에서 경골의 전방 이동을 방지하는 인대는?,"ACL(전방십자인대, Anterior Cruciate Ligament)은 경골이 대퇴골에 대해 앞으로 밀리는 것을 방지합니다. PCL은 후방 이동을, MCL과 LCL은 각각 내측과 외측 안정성을 담당합니다."
667ce89e-a4b1-4eff-bea7-2a8d2be3f29a,하지 관절,quiz,ACL(전방십자인대)은 경골의 전방 이동을 방지한다.,"ACL(전방십자인대, Anterior Cruciate Ligament)은 경골이 대퇴골에 대해 앞으로 밀리는 것을 방지하는 인대입니다. 반대로 PCL(후방십자인대)은 경골의 후방 이동을 방지합니다."
57918292-123b-4040-9cfd-76e0b23c10ec,하지 관절,exam,발목 관절(Talocrural joint)은 어떤 관절 종류로 분류되는가?,"Talocrural joint(거퇴관절, 발목 관절)는 경첩 관절(Hinge joint)로 분류됩니다. 배측굴곡(Dorsiflexion)과 저측굴곡(Plantarflexion)이 일어나는 관절입니다."
16b3cfff-beb5-4fb5-87c7-f11cece38b5f,하지 관절,exam,다음 중 고관절(Hip joint)의 안정성을 높이는 구조물이 아닌 것은?,"고관절의 안정성을 높이는 구조물은 비구순(Acetabular labrum), 관절낭(Joint capsule), 인대(Ligament)입니다. 반월판(Meniscus)은 슬관절(Knee joint)의 구조물이지 고관절의 구조물이 아닙니다."
6a2a50dd-c73e-4f3b-8054-123487ec695f,하지 관절,exam,다음 관절과 그 종류(Type)의 연결이 모두 올바른 것은?,"교재 기반: Talocrural(발목)=Hinge(p.72), Subtalar(거골하)=Gliding(p.72), GH(상완와)=Ball&Socket(p.33). 모두 올바른 연결은 보기 1번뿐입니다."
0c4bc30b-f35f-4fee-8761-c7f08da0706f,관절의 기초,lesson,관절(Joint)이란?,"관절(Joint)은 2개 이상의 뼈가 서로 연결되어 있는 구조물을 말합니다. 뼈들이 단단히 이어져 있기 때문에 그 연결 부위를 축으로 삼아 신체의 다양한 움직임이 만들어질 수 있습니다.

관절은 얼마나 자유롭게 움직이는지에 따라 크게 두 종류로 나눌 수 있습니다. 두개골의 봉합처럼 거의 움직이지 않는 관절은 부동관절이라 부르고, 어깨나 고관절처럼 자유롭게 움직이는 관절은 가동관절이라 부릅니다.

가동관절에는 저마다 움직일 수 있는 범위, 즉 관절가동범위(ROM, Range of Motion)가 정해져 있습니다. 이 범위는 관절의 모양과 형태에 의해 결정되는데, 예를 들어 고관절은 앞으로 굽히는 굴곡이 약 120도까지 가능한 반면 뒤로 펴는 신전은 약 30도까지만 가능합니다. 외전은 약 40도, 내전은 약 20도, 외회전은 약 50도, 내회전은 약 40도 정도가 일반적인 기준입니다.

시험에서는 이런 구체적인 각도 수치보다, 관절의 종류에 따라 애초에 어떤 방향의 움직임이 가능한지 없는지를 구분하는 문제가 더 자주 출제됩니다. 따라서 각도를 외우기에 앞서 관절 종류별로 가능한 움직임의 방향을 먼저 이해하는 것이 중요합니다."
152b0d62-0631-4fbe-b1d0-67543967c5cc,관절의 기초,lesson,관절의 기본 구조 (주변 구조물),"관절이 안정적으로 움직이려면 뼈와 뼈 사이를 이어주고 보호하는 여러 구조물이 함께 필요합니다.

인대(Ligament)는 뼈와 뼈를 서로 연결해 관절이 벌어지지 않도록 잡아주는 구조물이고, 건(Tendon)은 근육과 뼈를 연결해 근육이 만든 힘을 뼈로 전달하는 구조물입니다. 두 구조물은 이름이 비슷해 보이지만, 인대는 뼈끼리 이어주는 수동적인 안정장치이고 건은 근육의 힘을 실제로 전달하는 능동적인 연결고리라는 점에서 역할이 다릅니다.

관절연골(Articular cartilage)은 뼈의 끝을 덮어 뼈와 뼈가 직접 부딪히지 않도록 마찰을 줄여주고, 관절낭(Joint capsule)은 관절 전체를 감싸는 주머니로 관절액을 담아 움직임을 부드럽게 해줍니다. 점액낭(Bursa)은 마찰이 많이 발생하는 부위에 위치해 쿠션처럼 충격을 흡수하는 역할을 합니다.

이 구조물들이 함께 작용하면서 관절의 안정성을 높이고, 움직이는 동안 발생하는 마찰을 줄이며, 외부 충격을 흡수하는 세 가지 효과를 만들어냅니다.

관절순(Labrum)이라는 구조물도 몇몇 관절에서 중요한 역할을 합니다. 어깨의 관절와순(Glenoid labrum)과 고관절의 비구순(Acetabular labrum)이 대표적인데, 이 두 관절은 원래 소켓이 얕은 편이라 관절순이 그 가장자리를 둘러싸 소켓을 한층 더 깊게 만들어줌으로써 안정성을 높여줍니다."
920268c1-ff18-4cfb-8f93-c80fee7ba227,관절의 기초,lesson,관절 운동 형상학 (Arthrokinematics),"관절면 위에서 뼈가 실제로 움직이는 방식을 살펴보면, 크게 세 가지 기본 운동으로 설명할 수 있습니다.

구름(Roll)은 바퀴가 지면 위를 굴러가듯 관절면이 서로 맞닿은 채로 굴러가는 움직임이고, 미끄러짐(Slide, Glide)은 책상 위에서 책을 밀 때처럼 관절면이 서로 미끄러지는 움직임입니다. 축돌림(Spin)은 팽이가 제자리에서 돌 듯 고정된 한 지점을 축으로 삼아 회전하는 움직임입니다.

실제 관절에서 일어나는 움직임은 이 세 가지가 순수하게 하나씩 일어나기보다는 대부분 서로 조합되어 나타납니다. 이때 관절면이 볼록한 쪽인지 오목한 쪽인지에 따라 구름과 미끄러짐이 같은 방향으로 일어나는지 반대 방향으로 일어나는지가 달라지는데, 이를 볼록-오목 법칙(Convex-Concave Rule)이라 부릅니다. 볼록한 면이 움직일 때는 구름과 미끄러짐이 서로 반대 방향으로 일어나고, 오목한 면이 움직일 때는 두 움직임이 같은 방향으로 일어납니다.

이 원리는 치료사나 트레이너가 관절을 손으로 움직여주는 관절 가동술(Mobilization)의 기초가 되는 개념이므로, 관절 움직임을 더 정교하게 이해하고 싶다면 함께 알아두면 좋습니다."
ebc8a69f-ca98-40e9-9366-ef22ab34228a,관절의 기초,quiz,인대(Ligament)는 근육과 뼈를 연결하는 구조물이다.,인대(Ligament)는 뼈와 뼈를 연결하는 구조물입니다. 근육과 뼈를 연결하는 것은 건(Tendon)입니다.
6111f07f-3516-40e0-a3e1-9d883cf11e6e,관절의 기초,quiz,다음 중 관절 주변 구조물의 역할이 아닌 것은?,"관절 주변 구조물(인대, 건, 관절연골, 관절낭, 점액낭)의 역할은 안정성 향상, 마찰력 감소, 충격 흡수입니다. 혈액세포 생산(조혈)은 뼈(골수)의 기능이지 관절 구조물의 역할이 아닙니다."
79ae07dd-19f8-4b38-8fc1-e35ba633b9a3,관절의 기초,exam,관절가동범위(ROM)를 결정하는 주요 요인은?,"관절마다 관절가동범위(ROM)가 존재하며, 이는 관절의 모양과 형태에 의해 정해집니다. 관절의 구조적 형태(볼록면·오목면의 형태, 관절면의 깊이 등)가 ROM의 주요 결정 요인입니다."
11783fcc-755a-4301-881d-b658c295ff94,목 근육,lesson,흉쇄유돌근 SCM,"흉쇄유돌근(Sternocleidomastoid, SCM)은 이름 자체에 기시와 정지 지점이 담겨 있는 근육입니다. Sterno(흉골)와 Cleido(쇄골)에서 시작해 Mastoid(유양돌기)에 붙기 때문에 이런 이름이 붙었습니다. 좀 더 구체적으로는 흉골병과 쇄골 내측에서 시작해, 귀 뒤쪽 두개골의 유양돌기까지 이어집니다.

이 근육이 만드는 움직임은 양쪽이 함께 수축하는지, 한쪽만 수축하는지에 따라 달라집니다. 양쪽 SCM이 동시에 수축하면 고개를 앞으로 숙이는 목의 굴곡이 일어나고, 한쪽 SCM만 수축하면 그쪽으로 고개가 기우는 외측굴곡과 동시에 반대쪽으로 고개가 돌아가는 회전이 함께 일어납니다.

필라테스 지도에서 SCM은 특히 주의가 필요한 근육입니다. Chest lift처럼 상체를 살짝 들어 올리는 동작에서 SCM이 과도하게 개입하면, 정작 힘을 써야 할 복근 대신 목 앞쪽 근육이 동작을 주도하게 됩니다. 이렇게 SCM이 과사용되면 목에 불필요한 긴장과 통증이 쌓이기 쉬우므로, 복근이 동작을 주도하고 SCM은 최소한으로만 개입하도록 지도하는 것이 중요합니다."
0b5ef135-9f47-47d1-bb7c-4d14f3f55a6b,목 근육,lesson,사각근 Scalene,"사각근(Scalene)은 목 옆쪽에 위치한 근육으로, 전방·중간·후방 세 부분으로 나뉘어 있습니다. 세 부분 모두 경추의 횡돌기에서 시작하지만, 정지하는 지점은 조금씩 다릅니다. 전방사각근은 제1늑골에, 중간사각근은 제1늑골 상연에, 후방사각근은 제2늑골에 붙습니다.

사각근의 작용은 크게 두 가지입니다. 하나는 목의 굴곡과 외측굴곡으로, 다른 목 근육들과 마찬가지로 고개를 앞으로 숙이거나 옆으로 기울이는 데 관여합니다. 다른 하나는 다소 특별한 역할인 호흡 보조인데, 사각근은 경추에서 시작해 제1·2번 늑골로 이어지기 때문에 수축할 때 이 늑골들을 위로 끌어올리는 힘을 냅니다. 그래서 깊게 숨을 들이쉬거나 힘든 운동을 할 때 사각근이 함께 활성화되면서 흉곽 윗부분을 확장시키는 것을 돕습니다.

목 앞쪽의 또 다른 근육인 흉쇄유돌근(SCM)과 비교하면 이해가 쉽습니다. SCM은 흉골과 쇄골에서 시작해 위쪽의 유양돌기로 올라가 붙는 반면, 사각근은 반대로 경추에서 시작해 아래쪽의 제1·2번 늑골로 내려가 붙습니다. 방향은 서로 반대이지만, 두 근육 모두 목의 굴곡과 외측굴곡을 함께 담당한다는 공통점이 있습니다."
1738f0a2-7fda-4dc6-99b5-43594269d4b9,목 근육,lesson,목 신전근과 후두하근,"목을 뒤로 젖히거나 곧게 펴는 움직임은 목 뒤쪽에 위치한 여러 근육이 함께 담당하며, 이 근육들을 통틀어 목 신전근(Neck extensor)이라 부릅니다. 대표적으로 두판상근과 경판상근, 경반극근과 두반극근이 있으며, 각각 흉추나 경추의 여러 부위에서 시작해 유양돌기나 후두골, 또는 다른 척추뼈에 붙으면서 목을 신전시키는 힘을 만들어냅니다.

이 근육들보다 더 깊은 층, 두개골 바로 아래 경추 1번과 2번 부위에는 후두하근(Suboccipital muscle)이라는 네 개의 작은 근육이 자리 잡고 있습니다. 이 근육들은 두부의 신전과 회전을 만들어내는 동시에, 머리를 미세하게 안정시키는 역할도 함께 담당합니다. 크기는 작지만 머리 위치를 정교하게 조절하는 데 중요한 역할을 하는 근육군입니다.

여기서 주의할 점은, 후두하근을 척추 전체를 따라 길게 내려가는 척추기립근(Erector spinae)과 혼동하지 않는 것입니다. 척추기립근은 등 전체에 걸쳐 뻗어 있는 긴 근육군인 반면, 후두하근은 목 맨 위쪽에만 자리 잡은 작은 심부 근육이라는 점에서 완전히 다른 근육군입니다."
7c5a6c9a-84d2-4a10-8898-a06025ac871a,목 근육,quiz,"사각근(Scalene)은 호흡 시 제1, 2 늑골을 들어올리는 호흡 보조근이다.","사각근은 목의 굴곡·외측굴곡뿐 아니라 호흡 보조 기능도 담당합니다. 숨을 들이쉬는 동안 제1, 2번 늑골을 들어올려 흉곽 윗부분의 확장을 돕습니다."
817bdec4-9bc8-435a-b6c6-4b5ece9d61ab,목 근육,quiz,SCM(흉쇄유돌근)의 정지(Insertion)는?,"SCM의 정지(Insertion)는 유양돌기(Mastoid process)입니다. 흉골병과 쇄골 내측은 SCM의 기시(Origin)이며, 경추 횡돌기는 사각근(Scalene)의 기시입니다."
efaea271-feb4-4fff-9ab8-7d02cdc0d35a,목 근육,exam,다음 근육의 이름과 움직임(Action)을 고르시오.,"후두하근(Suboccipital muscle)의 기능은 두부의 신전(Capital extension), 회전(Capital rotation), 그리고 머리 안정화(Head stability)입니다. 이미지에서 경추 1·2번(C1-C2) 부위의 작은 근육이 보인다면 후두하근입니다."
e029290d-27cc-40a6-b6d7-667f6b51a476,목 근육,exam,다음 근육들은 어떤 움직임을 만들어내는 그룹인가?,"목 뒤쪽에 위치한 근육 그룹은 목 신전근(Neck extensor)입니다. 두판상근(Splenius capitis), 경판상근(Splenius cervicis), 경반극근, 두반극근 등이 이 그룹에 속합니다."
e63f596f-87d2-47c7-a5ee-2ced07a352c7,자세의 이해,lesson,자세(Posture)란 무엇인가,"자세는 신체 각 분절이 공간에서 서로에 대해 배열되어 있는 상태를 말합니다. 이 단원에서는 자세를 눈으로 관찰하고 평가하는 방법을 다룹니다.

이상적인 자세란 모든 사람이 반드시 도달해야 하는 ""평균적인 자세""를 의미하는 것이 아니라, 개인의 자세 변화를 비교하기 위해 필요한 기초 기준선(baseline)이라는 점이 중요합니다. 즉, 자세평가의 목적은 회원을 특정 ""정답 자세""에 맞추는 것이 아니라, 그 사람의 현재 상태를 기록하고 변화를 추적할 기준을 세우는 데 있습니다.

이런 관점은 이후 배울 Kendall의 4가지 대표 자세 유형을 ""문제""로만 보지 않고, 각 개인의 현재 정렬 상태를 이해하는 도구로 다루는 데에도 이어집니다."
45cc403f-4e8a-44e8-bb73-0037c770f721,자세의 이해,lesson,부적절한 자세와 근골격계 통증의 관계,"부적절한 자세는 근골격계 통증, 관절의 가동범위 제한, 전반적인 신체 불편함과 관련이 있을 수 있다고 알려져 있습니다.

다만 여기서 신중하게 짚어야 할 부분이 있습니다. ""부적절한 자세 = 근골격계 통증""이라는 등식이 항상 성립하는 것은 아닙니다. 자세와 통증의 관계는 개인마다 다르며, 특정 자세를 가진 사람이라고 해서 반드시 통증을 겪는 것도, 통증이 있는 사람이 반드시 특정 자세를 가진 것도 아닙니다. 지도자는 자세만 보고 통증의 원인을 단정하기보다, 자세를 여러 평가 요소 중 하나로 다뤄야 합니다.

이러한 신중한 관점은 필라테스 지도자가 회원에게 ""자세가 나빠서 아픈 것""이라고 단정적으로 말하는 것을 피하고, 통증에 대한 전문적 진단은 의료진의 영역임을 인정하는 태도와도 연결됩니다."
5439d858-8eff-41c4-bca3-8d45f264cb09,자세의 이해,lesson,자세에 영향을 미치는 요인,"자세는 하나의 원인만으로 결정되지 않고 여러 요인이 함께 작용해 만들어집니다. 대표적으로 다음과 같은 요인을 고려할 수 있습니다.

1. 생활 습관: 오래 앉아 있는 시간, 스마트폰 사용 자세 등 반복되는 일상 동작
2. 근육의 길이-장력 불균형: 특정 근육군이 짧아지거나 약해지는 패턴
3. 구조적 요인: 타고난 뼈의 형태나 관절 구조
4. 심리·정서적 요인: 스트레스나 피로도가 자세 유지 근육의 긴장도에 영향

지도자는 이 요인들을 종합적으로 고려하되, 자신의 전문 영역(운동 지도)을 벗어나는 심리·의료적 판단은 삼가고 관찰된 사실을 기록하는 데 집중해야 합니다."
a48032ea-e343-4ed8-84c4-0581c2315abc,자세의 이해,lesson,자세평가의 목적과 시기,"자세평가를 하는 이유는 다음 네 가지로 정리할 수 있습니다.

1. 정확한 정보의 획득: 눈대중이 아닌 체계적인 관찰로 현재 상태를 파악
2. 시간 절약: 초기에 문제 영역을 파악해두면 이후 프로그램 설계 시간을 줄일 수 있음
3. 기본 상태(baseline)의 설정: 이후 변화를 비교할 기준을 만듦
4. 전체적인 관리: 자세 하나만이 아니라 회원의 전반적인 신체 상태 관리에 활용

또한 ""어떤 경우에"", ""어떻게"", ""언제"" 자세평가를 해야 하는지도 함께 고려해야 합니다. 예를 들어 신규 회원 등록 시점, 프로그램 중간 점검 시점 등 일정한 시점에 반복 평가를 하면 변화를 객관적으로 추적할 수 있습니다."
4f3d9070-5a2d-419c-8ae5-1ccb38e8dbc5,자세의 이해,quiz,부적절한 자세를 가진 사람은 반드시 근골격계 통증을 겪는다.,"자세와 통증의 관계는 개인마다 다르며, 부적절한 자세가 반드시 통증으로 이어지는 것은 아닙니다."
500b73d2-dd8d-4e55-b279-c69d7103bab4,자세의 이해,quiz,이상적인 자세(Ideal posture)에 대한 설명으로 가장 적절한 것은?,"이상적 자세는 평균적 정답이 아니라, 개인의 자세 변화를 비교하기 위한 기초 기준선으로 이해해야 합니다."
0b61035a-5fc4-4b56-a86e-2e5524981de6,자세의 이해,exam,자세평가를 실시하는 목적으로 옳지 않은 것은?,"자세평가는 정보 획득, 기본 상태 설정, 전체적 관리를 목적으로 하며, 통증에 대한 의학적 진단 확정은 지도자의 영역이 아닙니다."
259ae009-6063-4e77-ba01-c3f7ef215a34,자세의 이해,exam,"자세에 영향을 미치는 요인에는 생활습관, 근육 불균형, 구조적 요인뿐 아니라 심리·정서적 요인도 포함된다.","자세는 생활습관, 근육의 길이-장력 불균형, 구조적 요인과 함께 스트레스 등 심리·정서적 요인의 영향도 받습니다."
701802ac-abb0-4dd0-bd90-87c86c06f644,자세의 이해,exam,지도자가 회원의 자세를 평가할 때 취해야 할 가장 적절한 태도는?,"지도자는 관찰된 사실을 기록하는 데 집중하고, 통증에 대한 의학적 판단이나 진단은 전문 의료진의 영역임을 인정해야 합니다."
115024e6-a117-4bf0-91ec-53344692a8d2,근육의 기초,lesson,근육 수축의 종류,"근육이 힘을 만들어내는 방식은 근육 길이가 실제로 변하는지에 따라 크게 두 갈래로 나뉩니다.

첫 번째는 등척성 수축(Isometric contraction)입니다. 이 수축은 근육 길이에 변화가 없고 관절에서도 회전이 일어나지 않으면서 힘만 생산되는 방식으로, 플랭크 자세를 버티고 있을 때가 대표적인 예입니다. 몸은 움직이지 않지만 근육은 계속 힘을 쓰고 있는 상태입니다.

두 번째는 등장성 수축(Isotonic contraction)이며, 여기에는 다시 두 가지 하위 유형이 있습니다. 근육이 짧아지면서 힘을 내는 것을 단축성 수축(Concentric contraction)이라 부르는데, 팔꿈치를 굽힐 때 이두근이 짧아지는 것이 그 예입니다. 반대로 근육이 길어지면서도 힘을 발휘하는 것을 신장성 수축(Eccentric contraction)이라 부르며, 팔꿈치를 천천히 펴는 동안에도 이두근이 여전히 힘을 쓰고 있는 상태가 여기에 해당합니다.

필라테스에서는 이 세 가지 수축 방식이 동작의 각 단계마다 다르게 쓰입니다. 무거운 것을 들어올리는 단계에서는 단축성 수축이, 천천히 내려놓는 단계에서는 신장성 수축이 주로 일어나며, 특히 신장성 수축은 동작을 제어하는 능력과 직결되기 때문에 필라테스의 많은 동작에서 특히 강조됩니다. 자세를 그대로 유지하며 코어를 안정시키는 상황에서는 등척성 수축이 중심이 됩니다."
b44529b5-34e5-427a-9ae5-8e9b8d1ccc9f,근육의 기초,lesson,작용에 따른 근육 분류,"하나의 움직임이 일어날 때 여러 근육이 함께 관여하는데, 이때 각 근육이 맡는 역할에 따라 세 가지로 분류할 수 있습니다.

주동근(Agonist)은 특정 움직임의 시작과 완성에 가장 직접적으로 관여하는 근육으로, 팔꿈치를 굽힐 때 상완이두근이 여기에 해당합니다. 길항근(Antagonist)은 그 주동근과 반대되는 작용을 하는 근육으로, 같은 팔꿈치 굴곡 동작에서는 상완삼두근이 길항근 역할을 합니다. 협력근(Synergist)은 움직임이 완성되는 동안 주동근을 도와 함께 작용하는 근육으로, 팔꿈치 굴곡에서는 상완근이 이두근을 보조하는 협력근입니다.

이 세 근육의 균형은 단순히 힘의 문제가 아니라 자세와 움직임의 효율성 자체를 좌우합니다. 예를 들어 고관절 굴곡에서는 장요근이 주동근, 대둔근이 길항근 역할을 하고, 무릎 신전에서는 대퇴사두근이 주동근, 햄스트링이 길항근 역할을 합니다. 만약 길항근이 지나치게 긴장되어 있거나 반대로 너무 약하면, 주동근이 아무리 정상적으로 작용해도 움직임이 부드럽게 일어나지 않을 수 있습니다."
4713d50b-2d18-4fdf-b0e1-9a29f1e0baee,근육의 기초,lesson,고유수용성 감각기: 근방추와 GTO,"고유수용성 감각(Proprioception)은 지금 몸이 어떤 자세에 있고 어떻게 움직이고 있는지에 대한 정보를 중추신경계로 전달하는 감각입니다. 이 정보를 실제로 감지해 전달하는 두 가지 핵심 감각기가 근방추와 골지건기관입니다.

근방추(Muscle spindle)는 근육 안에 위치해 근육 길이의 변화를 감지하는 감각기로, 근육이 갑작스럽게 늘어나는 순간에 반응합니다. 근육이 갑자기 신장되면 근방추는 그 근육을 다시 수축시키고 동시에 반대쪽 근육은 이완시키는 상호억제작용을 일으키는데, 이는 근육이나 관절이 갑작스러운 신장으로 다치지 않도록 보호하는 방어적 반응입니다.

골지건기관(GTO, Golgi Tendon Organ)은 근육과 힘줄이 만나는 지점에 위치해 근육의 수축 강도를 감지하는 감각기입니다. 근방추와 반대로, GTO는 근육이 지나치게 강하게 수축했을 때 반응하며, 이때는 오히려 그 근육을 이완시켜 근육이나 힘줄이 과도한 힘으로 손상되지 않도록 막아줍니다.

두 감각기 모두 몸을 보호하려는 방어적 역할을 한다는 공통점이 있지만, 반응하는 자극과 그 결과가 정반대라는 점이 핵심입니다. 근방추는 갑작스러운 신장에 반응해 근육을 수축시키고, GTO는 과도한 수축에 반응해 근육을 이완시킵니다. 실제로 조직이 손상된 상태에서는 이런 고유수용성 감각 자체가 둔해져, 몸을 보호하는 반응이 평소보다 늦게 일어날 수 있다는 점도 함께 알아두면 좋습니다."
4a94a901-1137-452a-91aa-a7026cc9133b,근육의 기초,quiz,신장성 수축(Eccentric contraction)은 근육이 길어지면서 힘을 생산하는 수축이다.,신장성 수축(Eccentric contraction)은 근육이 길어지는 동안 능동적인 힘을 생산하는 수축입니다. 팔을 천천히 내릴 때 이두근이 길어지면서도 힘을 내는 것이 대표적인 예입니다.
fc2649a4-8f3c-43b1-af4a-db33a72ac49a,근육의 기초,quiz,근방추(Muscle spindle)는 근육의 과한 수축에 반응하여 해당 근육을 이완시킨다.,과한 수축에 반응해 이완시키는 것은 근방추가 아니라 골지건기관(GTO)의 역할입니다. 근방추(Muscle spindle)는 반대로 갑작스러운 신장에 반응해 근육을 수축시킵니다. 두 감각기는 반응하는 자극과 그 결과가 서로 반대입니다.
d2eaf6e3-5b8a-466f-baed-29b6b1d99af8,근육의 기초,exam,"근육의 길이 변화에 대한 반응을 하는 고유 수용성 감각기로서, 근육의 과한 수축에 반응하여 스트레스에 대한 방어적 역할을 하는 이 기관의 이름은?","GTO(골지건기관)는 근육의 과한 수축에 반응해 스트레스에 대한 방어적 역할을 하며, 해당 근육을 이완시킵니다. 근방추는 이와 달리 갑작스러운 신장에 반응합니다."
b451ca1c-5306-449a-94b3-a9e0e5dbcc96,해부학적 방향 용어,lesson,"기본 방향 용어: Superior/Inferior, Anterior/Posterior","해부학적 방향 용어는 신체의 한 부위가 다른 부위에 비해 어느 쪽에 있는지를 정확하고 일관되게 표현하기 위해 사용하는 표준 용어입니다.

먼저 상하 관계를 나타내는 용어로 상방(Superior)과 하방(Inferior)이 있습니다. Superior는 머리 쪽에 더 가까운 위쪽을, Inferior는 발 쪽에 더 가까운 아래쪽을 의미합니다. 예를 들어 머리는 목보다 Superior에 있고, 발은 무릎보다 Inferior에 있습니다. 몸통 부위에서는 이를 각각 두개 방향(Cranial), 꼬리 방향(Caudal)이라는 동의어로 부르기도 합니다.

앞뒤 관계를 나타내는 용어로는 전방(Anterior)과 후방(Posterior)이 있습니다. Anterior는 몸의 앞쪽을, Posterior는 몸의 뒤쪽을 의미하며, 예를 들어 가슴은 등보다 Anterior에 있고 엉덩이는 배보다 Posterior에 있습니다. 사지에서는 이를 각각 배쪽(Ventral), 등쪽(Dorsal)이라는 동의어로도 부르는데, 손등(Dorsum of hand)에서는 Dorsal이 손바닥의 반대쪽인 뒤쪽을 의미하고 발등(Dorsum of foot)에서는 Dorsal이 위쪽을 의미하므로, 부위에 따라 방향이 조금씩 다르게 해석된다는 점에 주의해야 합니다."
640fa35f-3c2f-4801-a68a-e4bcb0d64c22,해부학적 방향 용어,lesson,"기본 방향 용어: Medial/Lateral, Proximal/Distal","몸의 좌우 위치를 표현하는 용어로 내측(Medial)과 외측(Lateral)이 있습니다. Medial은 몸의 정중선(정중앙을 지나는 가상의 선)에 가까운 쪽을, Lateral은 정중선에서 먼 쪽을 의미합니다. 해부학적 자세를 기준으로 하면 엄지손가락은 새끼손가락보다 Lateral에 있고, 무릎의 안쪽 면은 Medial knee라고 부릅니다.

사지에서 몸통과의 거리를 표현할 때는 근위(Proximal)와 원위(Distal)를 사용합니다. Proximal은 몸통에 더 가까운 쪽을, Distal은 몸통에서 더 먼 쪽을 의미합니다. 예를 들어 어깨는 손목보다 Proximal에 있고, 손가락은 팔꿈치보다 Distal에 있습니다. 이 용어는 팔다리처럼 몸통에서 뻗어 나온 구조에서만 사용되며, 심장에서 가까운지 먼지로 바꿔 생각하면 쉽게 판단할 수 있습니다.

해부학적 자세를 기준으로 판단할 때 주의할 점도 있습니다. 손바닥이 앞을 향한 해부학적 자세에서는 엄지가 Lateral, 새끼손가락이 Medial이 되며, 하지에서는 안쪽에 있는 굵은 뼈인 경골(Tibia)이 Medial, 바깥쪽에 있는 가는 뼈인 비골(Fibula)이 Lateral에 해당합니다."
8d337f83-f9b5-4163-8945-755b3479c276,해부학적 방향 용어,lesson,"추가 방향 용어: Superficial/Deep, Ipsilateral/Contralateral","몸 표면과의 거리를 표현하는 용어로 표재(Superficial)와 심부(Deep)가 있습니다. Superficial은 피부 표면에 가까운 쪽을, Deep은 피부 표면에서 멀리 떨어진 몸 안쪽을 의미합니다. 예를 들어 피부는 그 아래에 있는 근육보다 Superficial하고, 뼈는 그 위를 덮고 있는 근육보다 Deep한 위치에 있습니다.

몸의 좌우 어느 쪽에 있는지를 서로 비교할 때는 동측(Ipsilateral)과 반대측(Contralateral)을 사용합니다. Ipsilateral은 두 구조물이 같은 쪽에 있다는 뜻이고, Contralateral은 서로 반대쪽에 있다는 뜻입니다. 예를 들어 오른손과 오른발은 Ipsilateral 관계이고, 오른손과 왼발은 Contralateral 관계입니다.

이 용어들은 필라테스 지도 현장에서도 실제로 자주 쓰입니다. 복부 근육의 층을 설명할 때 표면에 가까운 복직근(Rectus abdominis)은 Superficial, 가장 깊은 층에 있는 복횡근(Transverse abdominis)은 Deep이라고 표현합니다. 또한 한쪽 팔과 반대쪽 다리를 동시에 뻗는 Bird-dog 같은 동작은 Contralateral arm-leg raise라고 부르는데, 이렇게 근육의 깊이와 신체 좌우 관계를 정확한 용어로 설명할 수 있으면 동작을 더 명확하게 지도할 수 있습니다."
0a1896a6-6406-406a-b11a-0d6f944ee574,해부학적 방향 용어,quiz,경골(Tibia)은 비골(Fibula)보다 Lateral(외측)에 위치한다.,"경골(Tibia)은 하퇴부의 안쪽(Medial)에 위치하는 굵은 뼈이고, 비골(Fibula)은 바깥쪽(Lateral)에 위치하는 가는 뼈입니다. 따라서 경골이 비골보다 Medial에 있으므로 'Lateral'이라는 설명은 틀립니다."
686521b1-b59f-48a3-b39a-783a200bf534,해부학적 방향 용어,quiz,어깨는 손목에 비해 어떤 방향에 위치하는가?,"Proximal(근위)은 몸통에 가까운 쪽, Distal(원위)은 몸통에서 먼 쪽입니다. 어깨는 손목보다 몸통에 가까우므로 Proximal에 위치합니다."
ab45e298-606b-4e80-b11a-a79bc7023037,해부학적 방향 용어,exam,다음 중 방향 용어의 설명이 올바른 것은?,Proximal = 몸통에 가까운 쪽(근위). Superior = 위쪽(상방). Anterior = 앞쪽(전방). Medial = 정중선에 가까운 쪽(내측).
624ace2e-b046-42ef-906a-67baa5d2cdb0,해부학적 방향 용어,exam,복횡근(Transverse abdominis)은 복직근(Rectus abdominis)에 비해 어떤 위치에 있는가?,"복횡근(Transverse abdominis)은 복부 근육 중 가장 깊은 층에 위치하며, 복직근(Rectus abdominis)은 가장 표면에 위치합니다. 따라서 복횡근은 복직근보다 Deep(심부)에 있습니다.

복부 근육 층 순서 (표면→깊은): 복직근 → 외복사근 → 내복사근 → 복횡근"
ae6bd6ab-ffea-4b1d-8199-4b15e0e50d53,해부학적 방향 용어,exam,해부학적 자세에서 엄지손가락(Thumb)은 새끼손가락(Little finger)에 비해 어떤 방향에 위치하는가?,"해부학적 자세에서 손바닥이 전방을 향할 때, 엄지손가락은 몸의 바깥쪽(Lateral)에, 새끼손가락은 안쪽(Medial)에 위치합니다. 일상적으로 팔을 내렸을 때(손바닥이 몸쪽) 엄지가 앞에 있어 혼동되지만, 해부학적 자세 기준으로 판단해야 합니다."
74b861b0-af80-4640-9780-222e8909bf2f,뼈의 기초와 분류,lesson,뼈의 기능,"뼈(Bone)는 단순히 몸의 형태를 지탱하는 역할에 그치지 않고 인체 전반에 걸쳐 다양한 기능을 수행합니다.

1. 지지(Support): 몸 전체의 구조를 세우고 유지하는 뼈대 역할을 합니다.
2. 보호(Protection): 중요한 장기를 감싸 보호합니다. 두개골이 뇌를, 흉곽이 심장과 폐를 감싸는 것이 대표적인 예입니다.
3. 운동(Movement): 근육이 뼈에 부착되어 관절을 지렛대 삼아 움직임을 만들어냅니다.
4. 조혈(Hematopoiesis): 뼈 속 골수에서 혈액세포를 만들어냅니다.
5. 무기질 저장(Mineral Storage): 칼슘, 인 같은 무기질을 저장해두었다가 필요할 때 혈액으로 내보냅니다.

이 다섯 가지 기능 중 필라테스 지도자에게 특히 중요한 것은 지지, 보호, 운동 세 가지입니다. 근육이 뼈의 특정 지점(기시와 정지)에 부착되어 관절을 중심으로 힘을 전달하기 때문에, 뼈의 형태와 관절의 구조가 실제로 어떤 방향과 범위로 움직일 수 있는지를 결정합니다. 즉 뼈를 단순히 암기 대상으로 볼 것이 아니라, 그 위에서 근육이 어떻게 움직임을 만들어내는지와 연결해서 이해하는 것이 중요합니다."
30a0a087-3aed-4dfe-9c1a-1344980e1026,뼈의 기초와 분류,lesson,뼈의 형태에 따른 분류,"뼈는 생김새에 따라 몇 가지 형태로 분류할 수 있으며, 이 분류를 알아두면 처음 보는 뼈도 형태만으로 대략적인 특징을 짐작할 수 있습니다.

1. 장골(Long bone): 길이가 긴 뼈로, 상완골, 대퇴골, 경골, 비골, 요골, 척골이 대표적인 예입니다.
2. 단골(Short bone): 길이, 너비, 높이가 서로 비슷한 작은 뼈로, 수근골(손목뼈)과 족근골(발목뼈)이 여기에 속합니다.
3. 편평골(Flat bone): 얇고 넓적한 뼈로, 견갑골, 흉골, 두개골, 늑골이 대표적입니다.
4. 불규칙골(Irregular bone): 위 세 가지 형태 어디에도 딱 들어맞지 않는 뼈로, 척추뼈와 골반뼈가 여기에 해당합니다.
5. 종자골(Sesamoid bone): 힘줄(건) 속에 형성된 작은 뼈로, 대퇴사두근 힘줄 안에 있는 슬개골(무릎뼈)이 인체에서 가장 큰 종자골입니다.

이 중에서도 대퇴골과 상완골은 장골을 대표하는 예시로 시험에 자주 등장하므로, 장골에 해당하는 것을 고르는 문제나 편평골의 예시를 묻는 문제를 만났을 때 곧바로 떠올릴 수 있어야 합니다."
275f0e91-27f6-4cd6-8414-74c785f2f19b,뼈의 기초와 분류,lesson,축골격(Axial)과 사지골격(Appendicular),"인체를 이루는 206개의 뼈는 위치와 역할에 따라 크게 두 그룹으로 나눌 수 있습니다.

1. 축골격(Axial skeleton): 몸의 중심축을 이루는 뼈들로, 두개골, 척추, 흉곽(흉골과 늑골), 설골이 여기에 속하며 총 80개입니다.
2. 사지골격(Appendicular skeleton): 팔다리와 그것을 몸통에 연결하는 뼈들로, 상지 쪽은 쇄골·견갑골·상완골·요골·척골·수근골·수지골이, 하지 쪽은 골반뼈·대퇴골·슬개골·경골·비골·족근골·족지골이 포함되며 총 126개입니다.

Appendicular라는 단어는 덧붙이다, 매달다라는 뜻의 접두사에서 나왔는데, 실제로 팔다리가 몸통(축골격)에 매달려 있는 구조라는 점을 그대로 반영한 이름입니다. 두 그룹을 구분하는 기준은 간단합니다. 몸통의 중심선을 따라 위치한 뼈라면 축골격이고, 팔다리 자체이거나 팔다리를 몸통에 연결해주는 뼈(쇄골, 견갑골, 골반뼈)라면 사지골격입니다."
1505f2f0-48df-469c-b19c-b4e27703f355,뼈의 기초와 분류,quiz,견갑골(Scapula)은 편평골(Flat bone)에 속한다.,"견갑골(Scapula)은 얇고 넓적한 삼각형 모양의 뼈로 편평골(Flat bone)에 속합니다. 같은 편평골로는 두개골(Skull), 흉골(Sternum), 늑골(Ribs) 등이 있습니다."
e262e4fc-cfaf-40ac-9dbe-a054086e78db,뼈의 기초와 분류,quiz,다음 중 Long bone(장골)에 해당하는 것은?,"대퇴골(Femur)은 인체에서 가장 크고 긴 장골(Long bone)입니다. 수근골 = 단골, 견갑골 = 편평골, 척추뼈 = 불규칙골."
c3e71907-931f-41bd-ab21-b5c063696b49,뼈의 기초와 분류,exam,다음 뼈의 분류에서 사지를 뭐라고 부르는가?,"사지(팔과 다리)를 포함하는 골격 그룹은 Appendicular skeleton(사지골격)입니다. Axial skeleton(축골격)은 두개골, 척추, 흉곽을 포함하는 몸 중심축입니다. Appendicitis는 충수돌기염(맹장염)으로 해부학적 분류와 무관합니다."
24cdc368-a9fc-43a8-a3c7-a165b2400cd3,뼈의 기초와 분류,exam,다음 중 뼈의 형태 분류와 그 예시가 올바르게 연결된 것은?,"흉골(Sternum)은 얇고 넓은 편평골(Flat bone)입니다. 수근골은 단골, 대퇴골은 장골, 슬개골은 종자골(Sesamoid bone)입니다."
d2750d11-04b9-4175-9c30-0bcb0f71e3a2,뼈의 기초와 분류,exam,슬개골(Patella)은 인체 최대의 종자골(Sesamoid bone)이다.,"슬개골(Patella)은 대퇴사두근의 건(tendon) 내에 형성된 종자골(Sesamoid bone)이며, 인체에서 가장 큰 종자골입니다. 무릎 관절의 지렛대 효율을 높이는 역할을 합니다."
449ad8b0-8207-4710-b34a-811358ba0969,척추 근육,lesson,척추기립근 Erector Spinae,"척추기립근(Erector spinae)은 척추를 따라 세로로 길게 뻗어 있는 근육군으로, 세 개의 근육이 나란히 배열되어 있습니다. 가장 바깥쪽에 장늑근(Iliocostalis), 중앙에 최장근(Longissimus), 가장 안쪽에 극근(Spinalis)이 위치하며, 세 근육 모두 척추의 신전을 만들어냅니다.

이 근육군은 천골에서 시작해 위로는 두개골 근처까지 이어지며, 척추 양쪽을 따라 길게 뻗어 있습니다. 중력에 저항해 몸을 곧게 세운 자세를 유지시켜주는 항중력근으로, 서 있거나 앉아 있을 때 등을 곧게 펴주는 힘의 상당 부분을 이 근육군이 담당합니다.

세 근육의 위치를 외측에서 내측 순서로 장늑근, 최장근, 극근으로 기억해두면, 척추기립근을 구성하는 근육을 묻는 문제에서 곧바로 답을 떠올릴 수 있습니다. 영문 이름의 앞 글자를 따서 ILS(Iliocostalis, Longissimus, Spinalis)로 외우는 방법도 유용합니다."
2e44e753-86a1-4dc4-9376-3d9114cec399,척추 근육,lesson,다열근과 요방형근,"다열근(Multifidus)은 천골, ASIS, 그리고 척추 전체의 횡돌기에서 시작해 척추의 극돌기에 붙는 근육으로, 척추의 신전과 측면굴곡, 회전에 모두 관여합니다. 특히 다열근은 척추 마디마디에 걸쳐 짧게 이어지는 구조 덕분에 척추 분절 하나하나를 세밀하게 안정화하는 데 특화되어 있으며, 이런 특성 때문에 심부 코어를 이루는 네 개의 핵심 근육 중 하나로 꼽힙니다.

다열근과 척추기립근을 비교하면 두 근육군의 역할 차이가 뚜렷해집니다. 다열근은 몸의 깊은 층에서 척추 분절을 세밀하게 조절하는 데 특화된 근육인 반면, 척추기립근은 표층에서 척추 전체를 통째로 신전시키는 큰 힘을 내는 근육입니다. 즉 하나는 정교한 조절을, 다른 하나는 전반적인 힘을 담당하는 역할 분담이라고 볼 수 있습니다.

요방형근(Quadratus lumborum, QL)은 장골능에서 시작해 요추 1번부터 4번까지의 횡돌기와 12번 늑골에 붙는 근육입니다. 한쪽만 수축하면 몸통이 그쪽으로 기우는 측면굴곡이 일어나고, 양쪽이 동시에 수축하면 척추를 신전시키는 데 힘을 보태는 동시에 12번 늑골을 아래로 고정시키는 역할을 합니다. 이 12번 늑골 고정 기능은 호흡과도 연결되는데, 횡격막이 늑골에 부착되어 움직이는 동안 요방형근이 그 부착 지점을 안정시켜주는 역할을 하기 때문입니다."
ed38b6c8-1934-49f5-a6ec-cd8a6d3da1c3,척추 근육,quiz,척추기립근(Erector spinae)을 구성하는 3개의 근육은?,"척추기립근은 장늑근(Iliocostalis), 최장근(Longissimus), 극근(Spinalis) 세 근육으로 구성됩니다."
ae0e9e15-fc14-48b0-b1ea-47ba7a978e9c,척추 근육,exam,Erector spinae(척추기립근)의 구성 근육으로 올바른 것은?,"척추기립근(Erector spinae)은 장늑근(Iliocostalis), 최장근(Longissimus), 극근(Spinalis)으로 구성됩니다. 보기 2는 목 신전근 그룹, 보기 3은 다열근·요방형근·극근이 섞인 조합, 보기 4는 복벽 근육에 해당합니다."
b52add47-2f72-4521-99d7-0f02e296c108,자세 평가 방법,lesson,이상적 정렬(Normal Posture) 기준,"자세평가의 출발점은 이상적 정렬(Normal Posture) 기준을 이해하는 것입니다. Kendall의 기준에 따른 이상적 정렬은 다음과 같습니다.

1. 머리: 중립 위치
2. 경추: 정상적인 전만, 전방으로 약간 볼록
3. 견갑골: 올바른 정렬, 등 상부가 편평함
4. 흉추: 정상적인 후만, 후방으로 약간 볼록
5. 요추: 정상적인 전만
6. 골반: 중립 위치 — ASIS가 치골결합(Pubic symphysis)과 동일한 수직선상에 위치
7. 고관절/무릎관절/발목관절: 모두 중립 위치이며, 다리가 수직 상태로 발바닥과 직각을 이룸

이 기준선을 알아야 이후 배우는 Kendall의 4가지 대표 자세 유형이 이 기준에서 각각 어떻게, 어느 분절에서 벗어나는지를 비교하며 이해할 수 있습니다."
c2c60086-2982-4d43-99eb-2630719bf7ad,자세 평가 방법,lesson,Kendall 4체형 개관 및 척추전만·후만-전만 자세,"Kendall은 이상적 정렬에서 벗어나는 대표적인 자세를 4가지로 분류했습니다: 척추전만 자세(Lordosis), 후만-전만 자세(Kyphosis-Lordosis), 편평등 자세(Flat-back), 굽은등 자세(Sway-back). 이번 카드에서는 앞의 두 가지를 다룹니다.

[척추전만 자세(Lordosis)]
- 머리: 중립 위치
- 경추/흉추: 정상적인 곡선 유지
- 요추: 과전만
- 골반: 전방경사
- 무릎관절: 약간 과신전
- 발목관절: 약간 저측굴곡(Plantar flexion)

[후만-전만 자세(Kyphosis-Lordosis)]
- 머리: 전방으로 경사
- 경추: 과신전
- 견갑골: 외전
- 흉추: 과후만
- 요추: 과전만
- 골반: 전방경사
- 무릎관절: 약간 과신전
- 발목관절: 약간 저측굴곡

두 유형 모두 골반이 전방경사되고 요추가 과전만이라는 공통점이 있지만, 후만-전만 자세는 여기에 더해 머리가 전방으로 나가고 흉추까지 과후만이 겹친다는 점에서 구별됩니다."
0584aa77-dc03-4634-9409-adb2bb79e23b,자세 평가 방법,lesson,Kendall 편평등·굽은등 자세,"Kendall 4체형 중 나머지 두 가지는 편평등 자세와 굽은등 자세입니다.

[편평등 자세(Flat-back)]
- 머리: 전방으로 경사
- 경추: 약간 신전
- 흉추: 상부는 굴곡 증가, 하부는 일직선
- 요추: 굴곡(일직선)
- 골반: 후방경사
- 고관절/무릎관절: 신전
- 발목관절: 약간 저측굴곡

[굽은등 자세(Sway-back)]
- 머리: 전방으로 기울어짐
- 경추: 약간 신전
- 흉추: 굴곡 증가(광범위한 후만), 체간 상부가 뒤쪽으로 변위
- 요추: 하부요추의 굴곡(편평등처럼 보임)
- 골반: 후방경사이면서 골반과 대퇴부가 앞쪽으로 변위
- 고관절: 과신전(골반의 전방변위와 함께)
- 무릎관절: 과신전
- 발목관절: 중립 — 보통 무릎 과신전은 발목 저측굴곡을 동반하지만, 골반·대퇴부가 앞으로 변위되어 있어 이 패턴이 나타나지 않음

⚠️ 용어 주의: 이 교재에서 ""굽은등 자세""는 위 표의 Sway-back을 가리키는 고유 명칭입니다. 어깨가 앞으로 말리는 ""라운드숄더/둥근어깨""와는 전혀 다른 별개의 개념이므로 혼동하지 않아야 합니다."
0fb61f8f-105e-4cb6-8dfe-9557aa4f7a66,자세 평가 방법,lesson,골반 위치 평가 — 후면 정렬,"후면에서 자세를 평가할 때는 척추와 견갑골의 좌우 대칭, 그리고 골반의 수평 여부를 함께 확인합니다.

1. 이상적 정렬(후면): 척추가 정중선을 따라 곧게 배열되고, 좌우 견갑골이 대칭적인 위치(대략 T2~T7 높이 사이)에 놓입니다.
2. 골반 위치 평가 기준:
   - ASIS와 치골결합(Pubic symphysis)이 동일한 수직선상에 위치하는지 확인 — 전방/후방 경사 평가
   - 좌우 ASIS와 PSIS가 0~15도 범위 안에서 수평을 이루는지 확인 — 좌우 회전 및 기울기 평가

골반이 한쪽으로 회전되어 있거나 기울어져 있으면 좌우 다리 길이 차이처럼 보이는 착시나, 실제 보행 패턴의 비대칭으로 이어질 수 있어 정확한 촉지 기반 확인이 중요합니다."
986762ca-d4e7-4ac1-9bfd-4da49b763f87,자세 평가 방법,lesson,"하지 정렬 평가 — 내반슬/외반슬, 아치 평가","자세평가는 척추·골반뿐 아니라 무릎과 발의 정렬도 함께 확인합니다.

1. 내반슬(Genu varus, O자 다리)/외반슬(Genu valgus, X자 다리): 양발을 모으고 섰을 때 무릎 사이 간격이 벌어지면 내반슬, 양쪽 복사뼈를 모았을 때 무릎이 먼저 닿으며 벌어지는 형태면 외반슬로 관찰합니다.
2. 아치 평가: 발의 아치는 체중을 지지하지 않은 상태(NWB, Non-Weight-Bearing)와 체중을 지지한 상태(WB, Weight-Bearing) 두 가지로 나누어 평가합니다.
   - 구조적 평발: 체중을 싣지 않아도 아치가 낮게 유지되는 경우
   - 기능적 평발: 체중을 싣지 않았을 때는 아치가 있으나 체중을 실으면 아치가 무너지는 경우
3. Navicular drop test: 주상골(Navicular)에 표시를 한 뒤, 체중을 지지하지 않은 상태와 지지한 상태에서의 높이 차이를 측정합니다. 10mm 이상 떨어지면 양성(과도한 회내를 시사)으로 판단합니다.

무릎·발 정렬 문제는 위쪽의 골반·고관절 정렬과도 서로 영향을 주고받으므로, 한 부위만 보지 않고 하지 전체를 연결해서 관찰하는 것이 중요합니다."
dcb7c28e-b8a4-4530-a0e2-e63a713c61c3,자세 평가 방법,quiz,Kendall의 4가지 대표 자세 중 후만-전만 자세(Kyphosis-Lordosis)에서는 흉추가 과후만되고 골반은 후방경사된다.,"후만-전만 자세는 흉추 과후만은 맞지만, 골반은 후방경사가 아니라 전방경사가 나타납니다."
e1625f92-1da1-4470-95f9-447b9aa36245,자세 평가 방법,quiz,Kendall 4체형 중 요추가 굴곡되어 일직선에 가깝고 골반이 후방경사되는 자세는?,편평등 자세(Flat-back)는 요추가 굴곡되어 일직선에 가깝고 골반이 후방경사되는 것이 특징입니다.
616c01a4-782b-4565-9145-2d225dd89cdf,자세 평가 방법,quiz,ASIS와 PSIS가 이루는 각도가 0~15도 범위 안에 있으면 골반 좌우 수평 정렬이 정상 범위로 평가된다.,좌우 ASIS와 PSIS가 0~15도 범위에서 수평을 이루면 정상 범위의 골반 정렬로 평가합니다.
0705d947-709b-4f97-a19e-7dab8481979c,자세 평가 방법,exam,다음 중 굽은등 자세(Sway-back)의 특징으로 옳은 것은?,"굽은등 자세는 골반과 대퇴부가 앞으로 변위되면서 고관절과 무릎이 과신전되는 것이 핵심 특징이며, 이 때문에 무릎 과신전에도 불구하고 발목은 중립을 유지합니다."
dfe4947b-1592-4ded-8bd8-53d97fc1a0b9,자세 평가 방법,exam,굽은등 자세(Sway-back)는 어깨가 앞으로 말리는 라운드숄더와 동일한 개념이다.,"굽은등 자세(Sway-back)는 Kendall의 척추-골반-하지 정렬 분류이며, 어깨·견갑골의 전인 패턴을 가리키는 라운드숄더와는 별개의 개념입니다."
9248e1dc-e92a-421f-9586-f7b7852f66ad,자세 평가 방법,exam,Navicular drop test에서 양성(과도한 회내 시사)으로 판단하는 기준은?,"주상골이 체중 지지 시 10mm 이상 떨어지면 양성으로 판단하며, 이는 과도한 회내를 시사합니다."
34b6da9d-6d73-4171-98fb-dce429e9d96c,자세 평가 방법,exam,구조적 평발은 체중을 싣지 않은 상태(NWB)에서도 아치가 낮게 유지되는 경우를 말한다.,"구조적 평발은 체중 지지 여부와 관계없이 아치가 낮게 유지되는 경우이며, 기능적 평발은 체중을 실을 때만 아치가 무너지는 경우입니다."
b4ecf55a-4cc0-4dd0-b5f3-5d8a43c4f162,자세 평가 방법,exam,이상적 정렬(Normal posture)에서 골반 중립을 판단하는 기준으로 옳은 것은?,골반 중립 위치는 ASIS가 치골결합(Pubic symphysis)과 동일한 수직선상에 위치하는 것을 기준으로 판단합니다.
